# .PCD v0.7
VERSION 0.7
FIELDS x y z intensity
SIZE 4 4 4 4
TYPE F F F F
COUNT 1 1 1 1
WIDTH 6115
HEIGHT 1
VIEWPOINT 0 0 0 1 0 0 0
POINTS 6115
DATA ascii
-0.068253 0.046834 1.074817 0.000000
-0.070741 0.045613 1.046621 0.000000
-0.076858 0.046738 1.072233 0.000000
-0.080693 0.046429 1.064939 0.000000
-0.088208 0.048161 1.104437 0.000000
0.161059 0.042863 1.079206 0.000000
0.160267 0.043854 1.104572 0.000000
0.147416 0.041507 1.045846 0.000000
0.144254 0.041830 1.054356 0.000000
0.140893 0.042113 1.061866 0.000000
0.130338 0.040196 1.013866 0.000000
0.128194 0.040832 1.030252 0.000000
0.123771 0.040761 1.028780 0.000000
0.121551 0.041437 1.046147 0.000000
0.111068 0.039242 0.991024 0.000000
0.108434 0.039759 1.004382 0.000000
0.105797 0.040316 1.018728 0.000000
0.101159 0.040126 1.014178 0.000000
0.096465 0.039895 1.008612 0.000000
0.091270 0.039429 0.997055 0.000000
0.082341 0.037230 0.941674 0.000000
0.082411 0.039085 0.988802 0.000000
0.077363 0.038578 0.976180 0.000000
0.074290 0.039055 0.988443 0.000000
0.069347 0.038547 0.975780 0.000000
0.064976 0.038315 0.970072 0.000000
0.060275 0.037846 0.958361 0.000000
0.057196 0.038401 0.972563 0.000000
0.050780 0.036632 0.927890 0.000000
0.046953 0.036595 0.927091 0.000000
0.042342 0.035889 0.909307 0.000000
0.039913 0.037073 0.939422 0.000000
0.034247 0.035185 0.891649 0.000000
0.031817 0.036566 0.926733 0.000000
0.026683 0.034794 0.881911 0.000000
0.008773 0.034997 0.887267 0.000000
0.005299 0.035943 0.911276 0.000000
0.001591 0.036023 0.913288 0.000000
-0.002035 0.034446 0.873319 0.000000
-0.005784 0.035628 0.903279 0.000000
-0.009577 0.036062 0.914239 0.000000
-0.013518 0.036652 0.929179 0.000000
-0.018028 0.038189 0.968079 0.000000
-0.022333 0.038818 0.983981 0.000000
-0.026287 0.038738 0.981885 0.000000
-0.030501 0.039012 0.988761 0.000000
-0.035468 0.040075 1.015591 0.000000
-0.038591 0.039048 0.989478 0.000000
-0.042749 0.039164 0.992308 0.000000
-0.049378 0.041329 1.047022 0.000000
-0.052566 0.040498 1.025856 0.000000
-0.056577 0.040377 1.022641 0.000000
-0.061984 0.041201 1.043349 0.000000
-0.064711 0.040252 1.019155 0.000000
-0.071486 0.041785 1.057764 0.000000
-0.076148 0.041977 1.062448 0.000000
-0.080773 0.042131 1.066115 0.000000
-0.088452 0.043780 1.107612 0.000000
-0.091202 0.042948 1.086333 0.000000
0.166968 0.039857 1.118909 0.000000
0.161137 0.039548 1.110675 0.000000
0.149935 0.037866 1.063819 0.000000
0.146023 0.037979 1.067389 0.000000
0.138667 0.037176 1.045186 0.000000
0.136971 0.037888 1.065565 0.000000
0.133261 0.038071 1.071071 0.000000
0.127000 0.037513 1.055727 0.000000
0.126978 0.038825 1.092964 0.000000
0.113300 0.035904 1.011038 0.000000
0.113267 0.037250 1.049247 0.000000
0.113647 0.038843 1.094430 0.000000
0.104636 0.037226 1.049138 0.000000
0.098373 0.036490 1.028663 0.000000
0.093644 0.036283 1.023083 0.000000
0.088439 0.035864 1.011508 0.000000
0.083910 0.035692 1.006879 0.000000
0.079735 0.035661 1.006216 0.000000
0.075267 0.035489 1.001549 0.000000
0.070555 0.035175 0.992875 0.000000
0.066248 0.035037 0.989165 0.000000
0.062411 0.035146 0.992419 0.000000
0.057903 0.034867 0.984683 0.000000
0.054169 0.035046 0.989900 0.000000
0.049634 0.034696 0.980131 0.000000
0.045691 0.034734 0.981323 0.000000
0.041357 0.034453 0.973513 0.000000
0.036780 0.033890 0.957695 0.000000
0.032882 0.033892 0.957837 0.000000
0.028740 0.033611 0.949971 0.000000
0.025657 0.034672 0.980051 0.000000
0.021534 0.034462 0.974153 0.000000
0.017333 0.034003 0.961243 0.000000
0.013433 0.034039 0.962304 0.000000
0.009663 0.034570 0.977341 0.000000
0.005660 0.034430 0.973375 0.000000
0.001727 0.035066 0.991379 0.000000
-0.002284 0.034677 0.980384 0.000000
-0.006328 0.034960 0.988362 0.000000
-0.010457 0.035313 0.998321 0.000000
-0.014711 0.035772 1.011261 0.000000
-0.018475 0.035100 0.992207 0.000000
-0.022878 0.035665 1.008110 0.000000
-0.027331 0.036123 1.020996 0.000000
-0.032197 0.036935 1.043851 0.000000
-0.036098 0.036580 1.033723 0.000000
-0.040306 0.036578 1.033568 0.000000
-0.044643 0.036682 1.036391 0.000000
-0.049616 0.037245 1.052173 0.000000
-0.052825 0.036500 1.031003 0.000000
-0.059119 0.037840 1.068697 0.000000
-0.063587 0.037908 1.070443 0.000000
-0.067880 0.037870 1.069178 0.000000
-0.071625 0.037548 1.059919 0.000000
-0.075081 0.037121 1.047657 0.000000
-0.079343 0.037117 1.047343 0.000000
-0.086468 0.038385 1.082875 0.000000
-0.092963 0.039263 1.107412 0.000000
0.165649 0.034999 1.110164 0.000000
0.158992 0.034539 1.095989 0.000000
0.154266 0.034483 1.094646 0.000000
0.147656 0.033991 1.079418 0.000000
0.141171 0.033498 1.064155 0.000000
0.136723 0.033473 1.063727 0.000000
0.131539 0.033260 1.057330 0.000000
0.127126 0.033235 1.056863 0.000000
0.122140 0.033053 1.051413 0.000000
0.114530 0.032122 1.022102 0.000000
0.112414 0.032720 1.041440 0.000000
0.110556 0.033443 1.064753 0.000000
0.108013 0.034010 1.083096 0.000000
0.098092 0.032203 1.025818 0.000000
0.091280 0.031301 0.997343 0.000000
0.087311 0.031337 0.998701 0.000000
0.083665 0.031497 1.004028 0.000000
0.080529 0.031875 1.016316 0.000000
0.075271 0.031410 1.001685 0.000000
0.071054 0.031351 0.999989 0.000000
0.067253 0.031479 1.004259 0.000000
0.062226 0.031013 0.989561 0.000000
0.058727 0.031297 0.998786 0.000000
0.053134 0.030424 0.971072 0.000000
0.050344 0.031145 0.994239 0.000000
0.045508 0.030616 0.977462 0.000000
0.040893 0.030149 0.962660 0.000000
0.036974 0.030150 0.962819 0.000000
0.033363 0.030434 0.971951 0.000000
0.029225 0.030247 0.966085 0.000000
0.025109 0.030030 0.959202 0.000000
0.021248 0.030093 0.961294 0.000000
0.017550 0.030470 0.973365 0.000000
0.013587 0.030470 0.973428 0.000000
0.009515 0.030127 0.962482 0.000000
0.005590 0.030096 0.961513 0.000000
0.001710 0.030722 0.981518 0.000000
-0.002252 0.030253 0.966524 0.000000
-0.006334 0.030972 0.989495 0.000000
-0.010363 0.030972 0.989461 0.000000
-0.014842 0.031942 1.020392 0.000000
-0.018551 0.031190 0.996339 0.000000
-0.022834 0.031502 1.006248 0.000000
-0.026984 0.031564 1.008145 0.000000
-0.031520 0.032001 1.022013 0.000000
-0.034390 0.030842 0.984917 0.000000
-0.040269 0.032342 1.032709 0.000000
-0.044000 0.031996 1.021552 0.000000
-0.049618 0.032964 1.052315 0.000000
-0.053492 0.032711 1.044119 0.000000
-0.057521 0.032584 1.039901 0.000000
-0.062168 0.032801 1.046642 0.000000
-0.066807 0.032985 1.052366 0.000000
-0.071493 0.033170 1.058069 0.000000
-0.077870 0.034074 1.086681 0.000000
-0.080404 0.033289 1.061439 0.000000
-0.086790 0.034098 1.087008 0.000000
-0.089288 0.033376 1.063738 0.000000
0.163000 0.029969 1.092501 0.000000
0.158281 0.029921 1.091174 0.000000
0.151901 0.029547 1.077949 0.000000
0.146849 0.029417 1.073604 0.000000
0.139468 0.028798 1.051399 0.000000
0.137620 0.029318 1.070795 0.000000
0.132285 0.029106 1.063408 0.000000
0.126773 0.028839 1.054012 0.000000
0.124913 0.029414 1.075370 0.000000
0.116538 0.028441 1.040105 0.000000
0.107913 0.027331 0.999822 0.000000
0.105709 0.027824 1.018149 0.000000
0.105141 0.028806 1.054379 0.000000
0.097906 0.027967 1.023950 0.000000
0.094381 0.028161 1.031308 0.000000
0.089665 0.028001 1.025708 0.000000
0.083502 0.027352 1.002155 0.000000
0.081005 0.027899 1.022417 0.000000
0.074974 0.027222 0.997817 0.000000
0.070986 0.027252 0.999111 0.000000
0.067924 0.027662 1.014352 0.000000
0.062354 0.027039 0.991674 0.000000
0.058495 0.027123 0.994913 0.000000
0.053409 0.026608 0.976178 0.000000
0.049234 0.026501 0.972394 0.000000
0.045974 0.026911 0.987564 0.000000
0.041319 0.026505 0.972762 0.000000
0.036784 0.026098 0.957939 0.000000
0.032919 0.026126 0.959080 0.000000
0.028652 0.025801 0.947216 0.000000
0.025607 0.026646 0.978302 0.000000
0.021249 0.026184 0.961409 0.000000
0.017479 0.026403 0.969483 0.000000
0.013630 0.026594 0.976543 0.000000
0.009604 0.026458 0.971592 0.000000
0.005631 0.026377 0.968625 0.000000
0.001733 0.027085 0.994630 0.000000
-0.002266 0.026486 0.972637 0.000000
-0.006341 0.026976 0.990613 0.000000
-0.010573 0.027493 1.009570 0.000000
-0.014625 0.027384 1.005521 0.000000
-0.018681 0.027329 1.003454 0.000000
-0.022676 0.027219 0.999372 0.000000
-0.027520 0.028008 1.028251 0.000000
-0.031768 0.028061 1.030128 0.000000
-0.035403 0.027625 1.014006 0.000000
-0.040037 0.027977 1.026839 0.000000
-0.044690 0.028275 1.037653 0.000000
-0.049290 0.028491 1.045451 0.000000
-0.054363 0.028925 1.061215 0.000000
-0.058627 0.028896 1.059987 0.000000
-0.063652 0.029220 1.071714 0.000000
-0.067632 0.029055 1.065460 0.000000
-0.071024 0.028672 1.051213 0.000000
-0.075444 0.028724 1.052910 0.000000
-0.080633 0.029047 1.064556 0.000000
-0.086952 0.029724 1.089130 0.000000
-0.095980 0.031217 1.143555 0.000000
0.157547 0.024646 1.056028 0.000000
0.156851 0.025228 1.081393 0.000000
0.148698 0.024609 1.055291 0.000000
0.149157 0.025421 1.090554 0.000000
0.144730 0.025426 1.091150 0.000000
0.136605 0.024760 1.062972 0.000000
0.134264 0.025133 1.079391 0.000000
0.127612 0.024698 1.061068 0.000000
0.126994 0.025441 1.093356 0.000000
0.117543 0.024405 1.049154 0.000000
0.111564 0.024039 1.033719 0.000000
0.107157 0.023996 1.032175 0.000000
0.104946 0.024461 1.052498 0.000000
0.097528 0.023701 1.020074 0.000000
0.094111 0.023889 1.028427 0.000000
0.090103 0.023938 1.030793 0.000000
0.086244 0.024033 1.035135 0.000000
0.077613 0.022740 0.979667 0.000000
0.075726 0.023390 1.007889 0.000000
0.071201 0.023253 1.002205 0.000000
0.066857 0.023163 0.998496 0.000000
0.061792 0.022794 0.982796 0.000000
0.057734 0.022773 0.982041 0.000000
0.052592 0.022288 0.961304 0.000000
0.049792 0.022799 0.983476 0.000000
0.045697 0.022754 0.981674 0.000000
0.041617 0.022709 0.979854 0.000000
0.037130 0.022410 0.967028 0.000000
0.032646 0.022040 0.951185 0.000000
0.029076 0.022273 0.961303 0.000000
0.025948 0.022968 0.991395 0.000000
0.021294 0.022321 0.963506 0.000000
0.017786 0.022854 0.986575 0.000000
0.013686 0.022715 0.980641 0.000000
0.009921 0.023248 1.003682 0.000000
0.005620 0.022392 0.966724 0.000000
0.001679 0.022323 0.963740 0.000000
-0.002233 0.022207 0.958740 0.000000
-0.006277 0.022716 0.980717 0.000000
-0.010248 0.022670 0.978684 0.000000
-0.014858 0.023665 1.021618 0.000000
-0.018552 0.023086 0.996560 0.000000
-0.022926 0.023410 1.010469 0.000000
-0.026852 0.023247 1.003372 0.000000
-0.031738 0.023848 1.029235 0.000000
-0.035404 0.023500 1.014110 0.000000
-0.040038 0.023800 1.026944 0.000000
-0.045035 0.024239 1.045750 0.000000
-0.048915 0.024052 1.037569 0.000000
-0.053137 0.024051 1.037362 0.000000
-0.058794 0.024651 1.063090 0.000000
-0.064068 0.025020 1.078810 0.000000
-0.068331 0.024972 1.076545 0.000000
-0.072037 0.024739 1.066283 0.000000
-0.075875 0.024575 1.059001 0.000000
-0.082070 0.025151 1.083606 0.000000
-0.086955 0.025288 1.089242 0.000000
-0.093642 0.025910 1.115778 0.000000
0.159617 0.020593 1.069964 0.000000
0.159869 0.021205 1.102265 0.000000
0.148143 0.020219 1.051422 0.000000
0.145774 0.020489 1.065883 0.000000
0.140922 0.020415 1.062501 0.000000
0.138011 0.020628 1.073972 0.000000
0.126863 0.019583 1.019954 0.000000
0.128690 0.020538 1.070094 0.000000
0.121806 0.020122 1.048759 0.000000
0.117101 0.020048 1.045270 0.000000
0.108671 0.019307 1.006969 0.000000
0.110567 0.020415 1.065082 0.000000
0.104751 0.020132 1.050599 0.000000
0.100766 0.020191 1.054002 0.000000
0.093111 0.019488 1.017563 0.000000
0.091063 0.019947 1.041838 0.000000
0.083839 0.019263 1.006330 0.000000
0.079589 0.019226 1.004669 0.000000
0.073855 0.018808 0.983050 0.000000
0.072053 0.019401 1.014259 0.000000
0.067126 0.019174 1.002572 0.000000
0.063236 0.019233 1.005831 0.000000
0.057795 0.018795 0.983123 0.000000
0.054068 0.018892 0.988342 0.000000
0.049389 0.018645 0.975573 0.000000
0.045931 0.018856 0.986752 0.000000
0.040854 0.018380 0.961957 0.000000
0.037323 0.018572 0.972107 0.000000
0.033607 0.018706 0.979245 0.000000
0.028926 0.018268 0.956388 0.000000
0.025556 0.018650 0.976488 0.000000
0.021471 0.018555 0.971586 0.000000
0.017804 0.018861 0.987660 0.000000
0.013491 0.018461 0.966730 0.000000
0.009575 0.018499 0.968776 0.000000
0.005672 0.018633 0.975806 0.000000
0.001698 0.018614 0.974821 0.000000
-0.002298 0.018843 0.986817 0.000000
-0.006360 0.018977 0.993798 0.000000
-0.010416 0.018996 0.994764 0.000000
-0.014858 0.019511 1.021706 0.000000
-0.018571 0.019053 0.997645 0.000000
-0.022654 0.019071 0.998561 0.000000
-0.027736 0.019796 1.036440 0.000000
-0.032047 0.019853 1.039317 0.000000
-0.035789 0.019585 1.025189 0.000000
-0.040546 0.019871 1.040020 0.000000
-0.044735 0.019851 1.038848 0.000000
-0.048869 0.019812 1.036660 0.000000
-0.053599 0.020002 1.046437 0.000000
-0.059348 0.020516 1.073164 0.000000
-0.062944 0.020266 1.059939 0.000000
-0.068016 0.020494 1.071648 0.000000
-0.072848 0.020626 1.078345 0.000000
-0.077734 0.020758 1.085021 0.000000
-0.080864 0.020432 1.067747 0.000000
-0.090139 0.021613 1.129202 0.000000
-0.094564 0.021573 1.126833 0.000000
0.163603 0.016621 1.096740 0.000000
0.157002 0.016398 1.082551 0.000000
0.152610 0.016400 1.083179 0.000000
0.148079 0.016388 1.082799 0.000000
0.139215 0.015880 1.049689 0.000000
0.137248 0.016152 1.068097 0.000000
0.129704 0.015764 1.042847 0.000000
0.124753 0.015675 1.037408 0.000000
0.122155 0.015887 1.051811 0.000000
0.117882 0.015889 1.052299 0.000000
0.111676 0.015620 1.034875 0.000000
0.108401 0.015757 1.044271 0.000000
0.101975 0.015428 1.022813 0.000000
0.099341 0.015670 1.039145 0.000000
0.095208 0.015686 1.040536 0.000000
0.088105 0.015192 1.008043 0.000000
0.084339 0.015254 1.012379 0.000000
0.078801 0.014984 0.994771 0.000000
0.074231 0.014880 0.988104 0.000000
0.071488 0.015152 1.006350 0.000000
0.066059 0.014852 0.986680 0.000000
0.061732 0.014778 0.981951 0.000000
0.058206 0.014899 0.990179 0.000000
0.053304 0.014660 0.974433 0.000000
0.048985 0.014555 0.967652 0.000000
0.045095 0.014571 0.968842 0.000000
0.042001 0.014872 0.988997 0.000000
0.036902 0.014452 0.961183 0.000000
0.033607 0.014723 0.979313 0.000000
0.029410 0.014618 0.972446 0.000000
0.025295 0.014529 0.966560 0.000000
0.021427 0.014574 0.969654 0.000000
0.017859 0.014890 0.990727 0.000000
0.013505 0.014545 0.967797 0.000000
0.009625 0.014635 0.973843 0.000000
0.005795 0.014981 0.996871 0.000000
0.001712 0.014771 0.982888 0.000000
-0.002224 0.014350 0.954890 0.000000
-0.006341 0.014891 0.990868 0.000000
-0.010521 0.015101 1.004831 0.000000
-0.014539 0.015026 0.999781 0.000000
-0.018348 0.014815 0.985718 0.000000
-0.022609 0.014980 0.996631 0.000000
-0.027014 0.015175 1.009525 0.000000
-0.031647 0.015431 1.026396 0.000000
-0.035475 0.015280 1.016266 0.000000
-0.040663 0.015685 1.043090 0.000000
-0.044994 0.015715 1.044914 0.000000
-0.049952 0.015939 1.059704 0.000000
-0.053446 0.015698 1.043514 0.000000
-0.057140 0.015547 1.033305 0.000000
-0.063241 0.016027 1.065004 0.000000
-0.067701 0.016057 1.066733 0.000000
-0.072714 0.016206 1.076425 0.000000
-0.076307 0.016040 1.065150 0.000000
-0.084641 0.016835 1.117673 0.000000
-0.085845 0.016203 1.075458 0.000000
-0.093562 0.016802 1.114955 0.000000
0.163162 0.012102 1.093832 0.000000
0.157721 0.012026 1.087557 0.000000
0.151495 0.011885 1.075316 0.000000
0.147810 0.011941 1.080875 0.000000
0.140531 0.011701 1.059658 0.000000
0.136613 0.011735 1.063195 0.000000
0.130445 0.011571 1.048856 0.000000
0.128455 0.011780 1.068240 0.000000
0.121925 0.011573 1.049881 0.000000
0.122336 0.012034 1.092103 0.000000
0.110283 0.011257 1.022005 0.000000
0.106957 0.011345 1.030402 0.000000
0.102075 0.011269 1.023863 0.000000
0.096963 0.011161 1.014315 0.000000
0.091656 0.011019 1.001755 0.000000
0.088976 0.011195 1.018058 0.000000
0.085917 0.011338 1.031366 0.000000
0.079197 0.010988 0.999808 0.000000
0.075056 0.010977 0.999125 0.000000
0.070709 0.010934 0.995432 0.000000
0.065392 0.010726 0.976755 0.000000
0.062109 0.010847 0.987990 0.000000
0.059028 0.011023 1.004206 0.000000
0.053305 0.010695 0.974485 0.000000
0.049694 0.010772 0.981684 0.000000
0.045513 0.010728 0.977883 0.000000
0.041195 0.010641 0.970067 0.000000
0.036941 0.010554 0.962233 0.000000
0.032853 0.010499 0.957379 0.000000
0.028836 0.010455 0.953507 0.000000
0.025662 0.010752 0.980605 0.000000
0.021891 0.010861 0.990699 0.000000
0.017481 0.010631 0.969784 0.000000
0.013715 0.010774 0.982845 0.000000
0.009754 0.010818 0.986893 0.000000
0.005649 0.010654 0.971925 0.000000
0.001712 0.010774 0.982939 0.000000
-0.002265 0.010665 0.972939 0.000000
-0.006360 0.010895 0.993920 0.000000
-0.010354 0.010840 0.988886 0.000000
-0.014568 0.010982 1.001834 0.000000
-0.018422 0.010851 0.989769 0.000000
-0.023018 0.011125 1.014678 0.000000
-0.027281 0.011179 1.019574 0.000000
-0.031832 0.011322 1.032447 0.000000
-0.036417 0.011442 1.043302 0.000000
-0.040585 0.011420 1.041147 0.000000
-0.044134 0.011244 1.024989 0.000000
-0.050424 0.011737 1.069748 0.000000
-0.053396 0.011441 1.042571 0.000000
-0.058963 0.011704 1.066307 0.000000
-0.061641 0.011397 1.038109 0.000000
-0.067258 0.011637 1.059804 0.000000
-0.072647 0.011812 1.075485 0.000000
-0.077236 0.011845 1.078172 0.000000
-0.081470 0.011822 1.075855 0.000000
-0.088551 0.012194 1.109405 0.000000
-0.090721 0.011887 1.081135 0.000000
0.170686 0.007980 1.144313 0.000000
0.164323 0.007897 1.133120 0.000000
0.151775 0.007503 1.077336 0.000000
0.151333 0.007703 1.106674 0.000000
0.140663 0.007379 1.060688 0.000000
0.135848 0.007351 1.057283 0.000000
0.131556 0.007351 1.057826 0.000000
0.127381 0.007358 1.059344 0.000000
0.120887 0.007227 1.040979 0.000000
0.116326 0.007206 1.038480 0.000000
0.112536 0.007234 1.042921 0.000000
0.105099 0.007020 1.012536 0.000000
0.100092 0.006958 1.003999 0.000000
0.097439 0.007061 1.019329 0.000000
0.091109 0.006895 0.995817 0.000000
0.088193 0.006985 1.009129 0.000000
0.083842 0.006964 1.006490 0.000000
0.079907 0.006978 1.008816 0.000000
0.073483 0.006764 0.978221 0.000000
0.070568 0.006868 0.993473 0.000000
0.065993 0.006812 0.985770 0.000000
0.062611 0.006881 0.996010 0.000000
0.058735 0.006902 0.999251 0.000000
0.053687 0.006778 0.981509 0.000000
0.050199 0.006847 0.991707 0.000000
0.046025 0.006826 0.988906 0.000000
0.041195 0.006695 0.970103 0.000000
0.037209 0.006688 0.969263 0.000000
0.033333 0.006702 0.971405 0.000000
0.029622 0.006757 0.979529 0.000000
0.025609 0.006750 0.978642 0.000000
0.021626 0.006750 0.978738 0.000000
0.017715 0.006778 0.982817 0.000000
0.013785 0.006812 0.987880 0.000000
0.009843 0.006867 0.995928 0.000000
0.005766 0.006840 0.991960 0.000000
0.001746 0.006909 1.001975 0.000000
-0.002307 0.006833 0.990974 0.000000
-0.006277 0.006764 0.980957 0.000000
-0.010395 0.006847 0.992922 0.000000
-0.014742 0.006992 1.013869 0.000000
-0.018627 0.006902 1.000803 0.000000
-0.023222 0.007061 1.023712 0.000000
-0.027362 0.007054 1.022610 0.000000
-0.031277 0.006999 1.014494 0.000000
-0.035441 0.007006 1.015357 0.000000
-0.040274 0.007130 1.033191 0.000000
-0.044521 0.007137 1.034017 0.000000
-0.050330 0.007371 1.067789 0.000000
-0.053294 0.007185 1.040611 0.000000
-0.059846 0.007475 1.082321 0.000000
-0.061464 0.007151 1.035152 0.000000
-0.065675 0.007151 1.034894 0.000000
-0.071300 0.007296 1.055570 0.000000
-0.079666 0.007689 1.112124 0.000000
-0.082301 0.007517 1.086862 0.000000
-0.088869 0.007703 1.113433 0.000000
-0.095654 0.007889 1.139967 0.000000
0.167440 0.003236 1.122577 0.000000
0.159299 0.003164 1.098505 0.000000
0.154006 0.003145 1.093201 0.000000
0.150790 0.003170 1.102733 0.000000
0.139874 0.003029 1.054762 0.000000
0.138524 0.003093 1.078133 0.000000
0.130815 0.003015 1.051893 0.000000
0.129171 0.003077 1.074258 0.000000
0.120425 0.002968 1.037027 0.000000
0.119442 0.003049 1.066327 0.000000
0.110605 0.002929 1.025046 0.000000
0.108815 0.002993 1.048364 0.000000
0.102075 0.002922 1.023920 0.000000
0.098200 0.002929 1.027313 0.000000
0.094480 0.002943 1.032683 0.000000
0.091675 0.002987 1.048998 0.000000
0.084837 0.002899 1.018468 0.000000
0.080223 0.002881 1.012824 0.000000
0.075356 0.002852 1.003170 0.000000
0.071843 0.002874 1.011448 0.000000
0.066327 0.002814 0.990778 0.000000
0.064493 0.002913 1.025971 0.000000
0.058324 0.002816 0.992283 0.000000
0.055325 0.002869 1.011484 0.000000
0.049997 0.002801 0.987731 0.000000
0.046490 0.002832 0.998915 0.000000
0.041704 0.002783 0.982111 0.000000
0.038398 0.002834 1.000259 0.000000
0.033265 0.002746 0.969426 0.000000
0.029441 0.002757 0.973551 0.000000
0.025636 0.002774 0.979661 0.000000
0.021715 0.002782 0.982756 0.000000
0.017373 0.002728 0.963840 0.000000
0.013854 0.002810 0.992899 0.000000
0.009773 0.002798 0.988948 0.000000
0.005737 0.002793 0.986979 0.000000
0.001730 0.002810 0.992995 0.000000
-0.002312 0.002810 0.992993 0.000000
-0.006392 0.002827 0.998976 0.000000
-0.010490 0.002835 1.001941 0.000000
-0.014684 0.002858 1.009889 0.000000
-0.018943 0.002881 1.017820 0.000000
-0.023585 0.002943 1.039728 0.000000
-0.027763 0.002938 1.037624 0.000000
-0.031893 0.002930 1.034504 0.000000
-0.036487 0.002961 1.045359 0.000000
-0.040585 0.002950 1.041205 0.000000
-0.045640 0.003004 1.060014 0.000000
-0.049717 0.002990 1.054825 0.000000
-0.054674 0.003028 1.067597 0.000000
-0.056920 0.002921 1.029423 0.000000
-0.064545 0.003085 1.087081 0.000000
-0.067448 0.003018 1.062858 0.000000
-0.075141 0.003160 1.112461 0.000000
-0.077236 0.003064 1.078233 0.000000
-0.083358 0.003130 1.100844 0.000000
-0.087914 0.003134 1.101493 0.000000
-0.095570 0.003242 1.138993 0.000000
0.164410 -0.001293 1.072470 0.000000
0.166553 -0.001348 1.116647 0.000000
0.159010 -0.001325 1.096530 0.000000
0.153725 -0.001320 1.091224 0.000000
0.145911 -0.001293 1.067069 0.000000
0.143553 -0.001313 1.082522 0.000000
0.136101 -0.001286 1.059292 0.000000
0.132788 -0.001298 1.067774 0.000000
0.128215 -0.001298 1.066319 0.000000
0.120193 -0.001261 1.035044 0.000000
0.120220 -0.001309 1.073287 0.000000
0.112534 -0.001273 1.042946 0.000000
0.106439 -0.001253 1.025490 0.000000
0.101181 -0.001241 1.014968 0.000000
0.099055 -0.001268 1.036276 0.000000
0.094023 -0.001259 1.027707 0.000000
0.089672 -0.001258 1.026088 0.000000
0.085086 -0.001253 1.021462 0.000000
0.081012 -0.001256 1.022796 0.000000
0.075879 -0.001241 1.010153 0.000000
0.070425 -0.001219 0.991501 0.000000
0.066459 -0.001221 0.992777 0.000000
0.062422 -0.001222 0.993039 0.000000
0.059086 -0.001238 1.005264 0.000000
0.054014 -0.001217 0.987523 0.000000
0.050805 -0.001237 1.003714 0.000000
0.045885 -0.001216 0.985932 0.000000
0.041831 -0.001215 0.985112 0.000000
0.037439 -0.001203 0.975281 0.000000
0.032956 -0.001185 0.960434 0.000000
0.029833 -0.001218 0.986548 0.000000
0.025531 -0.001205 0.975665 0.000000
0.021737 -0.001215 0.983759 0.000000
0.017661 -0.001211 0.979840 0.000000
0.013910 -0.001232 0.996902 0.000000
0.009882 -0.001236 0.999950 0.000000
0.005737 -0.001220 0.986983 0.000000
0.001721 -0.001221 0.987998 0.000000
-0.002272 -0.001206 0.975997 0.000000
-0.006309 -0.001218 0.985979 0.000000
-0.010479 -0.001237 1.000944 0.000000
-0.014582 -0.001239 1.002893 0.000000
-0.019129 -0.001270 1.027821 0.000000
-0.022632 -0.001232 0.997743 0.000000
-0.027067 -0.001249 1.011637 0.000000
-0.032355 -0.001296 1.049501 0.000000
-0.035580 -0.001258 1.019379 0.000000
-0.040351 -0.001277 1.035213 0.000000
-0.045596 -0.001306 1.059018 0.000000
-0.049058 -0.001283 1.040844 0.000000
-0.054162 -0.001304 1.057613 0.000000
-0.059017 -0.001315 1.067369 0.000000
-0.062470 -0.001296 1.052146 0.000000
-0.068334 -0.001325 1.076833 0.000000
-0.073320 -0.001335 1.085526 0.000000
-0.077664 -0.001333 1.084221 0.000000
-0.083508 -0.001355 1.102842 0.000000
-0.084969 -0.001307 1.064614 0.000000
-0.091305 -0.001335 1.088175 0.000000
0.169205 -0.006009 1.134435 0.000000
0.159725 -0.005835 1.101464 0.000000
0.155257 -0.005838 1.102103 0.000000
0.149024 -0.005773 1.089843 0.000000
0.140527 -0.005614 1.059708 0.000000
0.137500 -0.005670 1.070188 0.000000
0.134760 -0.005741 1.083638 0.000000
0.127973 -0.005639 1.064319 0.000000
0.125728 -0.005737 1.082709 0.000000
0.118214 -0.005592 1.055385 0.000000
0.112854 -0.005542 1.045915 0.000000
0.109224 -0.005576 1.052332 0.000000
0.103560 -0.005505 1.038836 0.000000
0.102383 -0.005676 1.071103 0.000000
0.093657 -0.005425 1.023710 0.000000
0.091150 -0.005528 1.043010 0.000000
0.085665 -0.005450 1.028424 0.000000
0.081642 -0.005463 1.030757 0.000000
0.074754 -0.005274 0.995182 0.000000
0.071699 -0.005350 1.009443 0.000000
0.066124 -0.005235 0.987775 0.000000
0.062483 -0.005269 0.994024 0.000000
0.058381 -0.005265 0.993272 0.000000
0.055214 -0.005351 1.009477 0.000000
0.050400 -0.005278 0.995711 0.000000
0.045745 -0.005210 0.982922 0.000000
0.040430 -0.005047 0.952129 0.000000
0.037093 -0.005122 0.966275 0.000000
0.033847 -0.005229 0.986406 0.000000
0.029198 -0.005118 0.965545 0.000000
0.025922 -0.005251 0.990647 0.000000
0.021714 -0.005210 0.982746 0.000000
0.017678 -0.005199 0.980827 0.000000
0.013659 -0.005189 0.978891 0.000000
0.009813 -0.005264 0.992938 0.000000
0.005818 -0.005306 1.000969 0.000000
0.001772 -0.005391 1.016984 0.000000
-0.002317 -0.005275 0.994983 0.000000
-0.006398 -0.005301 0.999965 0.000000
-0.010761 -0.005449 1.027929 0.000000
-0.014654 -0.005343 1.007879 0.000000
-0.019054 -0.005427 1.023808 0.000000
-0.022495 -0.005257 0.991731 0.000000
-0.027521 -0.005453 1.028618 0.000000
-0.031800 -0.005468 1.031495 0.000000
-0.036312 -0.005515 1.040352 0.000000
-0.041207 -0.005604 1.057182 0.000000
-0.044993 -0.005540 1.045017 0.000000
-0.050045 -0.005629 1.061806 0.000000
-0.052831 -0.005469 1.031634 0.000000
-0.059126 -0.005669 1.069352 0.000000
-0.063240 -0.005646 1.065109 0.000000
-0.067066 -0.005602 1.056859 0.000000
-0.073251 -0.005749 1.084514 0.000000
-0.079520 -0.005885 1.110140 0.000000
-0.082298 -0.005761 1.086873 0.000000
-0.089661 -0.005955 1.123412 0.000000
-0.090467 -0.005715 1.078196 0.000000
0.164037 -0.010323 1.099786 0.000000
0.162304 -0.010505 1.119244 0.000000
0.150789 -0.010045 1.070384 0.000000
0.151594 -0.010403 1.108635 0.000000
0.143678 -0.010166 1.083468 0.000000
0.138261 -0.010095 1.076107 0.000000
0.133523 -0.010072 1.073683 0.000000
0.130835 -0.010206 1.088115 0.000000
0.121918 -0.009847 1.049899 0.000000
0.118322 -0.009906 1.056348 0.000000
0.109526 -0.009518 1.015064 0.000000
0.110976 -0.010025 1.069209 0.000000
0.105045 -0.009879 1.053731 0.000000
0.100573 -0.009864 1.052158 0.000000
0.092197 -0.009447 1.007747 0.000000
0.089842 -0.009636 1.028037 0.000000
0.084999 -0.009564 1.020421 0.000000
0.080692 -0.009548 1.018765 0.000000
0.074228 -0.009261 0.988173 0.000000
0.071980 -0.009496 1.013402 0.000000
0.066657 -0.009330 0.995728 0.000000
0.062481 -0.009314 0.993995 0.000000
0.057675 -0.009194 0.981263 0.000000
0.054175 -0.009280 0.990476 0.000000
0.050146 -0.009281 0.990688 0.000000
0.046162 -0.009292 0.991883 0.000000
0.041235 -0.009097 0.971082 0.000000
0.037284 -0.009098 0.971242 0.000000
0.033537 -0.009155 0.977382 0.000000
0.029741 -0.009213 0.983507 0.000000
0.026157 -0.009363 0.999614 0.000000
0.022001 -0.009327 0.995713 0.000000
0.017822 -0.009262 0.988796 0.000000
0.014007 -0.009403 1.003858 0.000000
0.009872 -0.009356 0.998907 0.000000
0.005742 -0.009253 0.987940 0.000000
0.001761 -0.009469 1.010954 0.000000
-0.002323 -0.009347 0.997954 0.000000
-0.006449 -0.009441 1.007935 0.000000
-0.010646 -0.009525 1.016900 0.000000
-0.014916 -0.009609 1.025847 0.000000
-0.018868 -0.009496 1.013780 0.000000
-0.022903 -0.009458 1.009696 0.000000
-0.027628 -0.009673 1.032585 0.000000
-0.031676 -0.009625 1.027467 0.000000
-0.036101 -0.009690 1.034325 0.000000
-0.039999 -0.009614 1.026176 0.000000
-0.045981 -0.010005 1.067964 0.000000
-0.049997 -0.009938 1.060776 0.000000
-0.054160 -0.009909 1.057568 0.000000
-0.057910 -0.009814 1.047354 0.000000
-0.064542 -0.010186 1.087038 0.000000
-0.067571 -0.009978 1.064812 0.000000
-0.073182 -0.010154 1.083484 0.000000
-0.076017 -0.009946 1.061234 0.000000
-0.083126 -0.010289 1.097809 0.000000
-0.088068 -0.010343 1.103443 0.000000
-0.094896 -0.010602 1.130976 0.000000
0.167867 -0.015167 1.125449 0.000000
0.162729 -0.015120 1.122162 0.000000
0.155387 -0.014859 1.103010 0.000000
0.149693 -0.014745 1.094714 0.000000
0.144330 -0.014657 1.088374 0.000000
0.140550 -0.014729 1.093909 0.000000
0.133025 -0.014401 1.069664 0.000000
0.128920 -0.014432 1.072181 0.000000
0.124221 -0.014397 1.069715 0.000000
0.117094 -0.014067 1.045368 0.000000
0.110165 -0.013737 1.020982 0.000000
0.109424 -0.014183 1.054242 0.000000
0.103554 -0.013973 1.038758 0.000000
0.101426 -0.014271 1.061068 0.000000
0.094198 -0.013847 1.029607 0.000000
0.089665 -0.013797 1.025997 0.000000
0.085494 -0.013800 1.026353 0.000000
0.080689 -0.013696 1.018718 0.000000
0.074749 -0.013377 0.995107 0.000000
0.071270 -0.013487 1.003382 0.000000
0.067389 -0.013530 1.006656 0.000000
0.062856 -0.013439 0.999936 0.000000
0.059082 -0.013508 1.005175 0.000000
0.055047 -0.013524 1.006405 0.000000
0.049992 -0.013271 0.987647 0.000000
0.046439 -0.013407 0.997830 0.000000
0.041870 -0.013247 0.986023 0.000000
0.036745 -0.012860 0.957209 0.000000
0.033330 -0.013049 0.971341 0.000000
0.029529 -0.013117 0.976466 0.000000
0.025895 -0.013293 0.989572 0.000000
0.022132 -0.013455 1.001665 0.000000
0.018038 -0.013442 1.000747 0.000000
0.013727 -0.013215 0.983815 0.000000
0.009891 -0.013443 1.000861 0.000000
0.005759 -0.013310 0.990894 0.000000
0.001752 -0.013511 1.005908 0.000000
-0.002370 -0.013672 1.017905 0.000000
-0.006353 -0.013337 0.992890 0.000000
-0.010761 -0.013806 1.027851 0.000000
-0.014625 -0.013510 1.005803 0.000000
-0.019016 -0.013725 1.021731 0.000000
-0.023084 -0.013670 1.017646 0.000000
-0.027948 -0.014032 1.044532 0.000000
-0.031459 -0.013709 1.020423 0.000000
-0.036379 -0.014003 1.042271 0.000000
-0.040465 -0.013948 1.038118 0.000000
-0.045205 -0.014107 1.049933 0.000000
-0.049572 -0.014132 1.051738 0.000000
-0.054669 -0.014345 1.067505 0.000000
-0.059288 -0.014410 1.072266 0.000000
-0.063532 -0.014381 1.070019 0.000000
-0.068898 -0.014593 1.085718 0.000000
-0.073045 -0.014537 1.081438 0.000000
-0.077943 -0.014628 1.088114 0.000000
-0.083954 -0.014907 1.108726 0.000000
-0.088701 -0.014944 1.111366 0.000000
-0.092301 -0.014793 1.100035 0.000000
0.167572 -0.019206 1.093063 0.000000
0.169778 -0.019995 1.138234 0.000000
0.157987 -0.019134 1.089438 0.000000
0.152173 -0.018967 1.080169 0.000000
0.148603 -0.019078 1.086721 0.000000
0.141696 -0.018754 1.068482 0.000000
0.135448 -0.018499 1.054173 0.000000
0.135117 -0.019063 1.086465 0.000000
0.129989 -0.018964 1.081048 0.000000
0.123639 -0.018674 1.064682 0.000000
0.115642 -0.018104 1.032386 0.000000
0.114130 -0.018545 1.057699 0.000000
0.106633 -0.018010 1.027324 0.000000
0.101169 -0.017788 1.014814 0.000000
0.099328 -0.018211 1.039105 0.000000
0.092645 -0.017744 1.012616 0.000000
0.089139 -0.017871 1.019956 0.000000
0.085407 -0.017962 1.025292 0.000000
0.079502 -0.017581 1.003703 0.000000
0.076769 -0.017899 1.021964 0.000000
0.071904 -0.017728 1.012295 0.000000
0.068789 -0.017993 1.027543 0.000000
0.062728 -0.017472 0.997878 0.000000
0.058727 -0.017492 0.999123 0.000000
0.054772 -0.017530 1.001350 0.000000
0.050546 -0.017480 0.998569 0.000000
0.046530 -0.017500 0.999765 0.000000
0.042250 -0.017414 0.994951 0.000000
0.037473 -0.017084 0.976132 0.000000
0.034255 -0.017470 0.998260 0.000000
0.029678 -0.017174 0.981401 0.000000
0.025684 -0.017176 0.981514 0.000000
0.021645 -0.017142 0.979611 0.000000
0.017532 -0.017020 0.972693 0.000000
0.013671 -0.017144 0.979755 0.000000
0.009723 -0.017214 0.983801 0.000000
0.005707 -0.017180 0.981833 0.000000
0.001719 -0.017267 0.986847 0.000000
-0.002267 -0.017040 0.973848 0.000000
-0.006353 -0.017372 0.992828 0.000000
-0.010551 -0.017634 1.007791 0.000000
-0.014857 -0.017879 1.021736 0.000000
-0.018755 -0.017633 1.007671 0.000000
-0.023491 -0.018122 1.035575 0.000000
-0.027358 -0.017894 1.022478 0.000000
-0.032382 -0.018382 1.050340 0.000000
-0.036517 -0.018311 1.046203 0.000000
-0.040502 -0.018187 1.039052 0.000000
-0.045376 -0.018447 1.053862 0.000000
-0.050888 -0.018899 1.079636 0.000000
-0.053696 -0.018355 1.048465 0.000000
-0.058734 -0.018598 1.062215 0.000000
-0.064419 -0.018997 1.084923 0.000000
-0.069972 -0.019308 1.102613 0.000000
-0.071694 -0.018589 1.061419 0.000000
-0.076654 -0.018743 1.070094 0.000000
-0.083573 -0.019333 1.103671 0.000000
-0.089414 -0.019626 1.120266 0.000000
-0.092966 -0.019413 1.107937 0.000000
0.168473 -0.023805 1.098906 0.000000
0.169032 -0.024542 1.133200 0.000000
0.160992 -0.024036 1.110130 0.000000
0.150073 -0.023059 1.065233 0.000000
0.148596 -0.023517 1.086635 0.000000
0.143266 -0.023375 1.080291 0.000000
0.137225 -0.023103 1.067972 0.000000
0.133753 -0.023261 1.075465 0.000000
0.127596 -0.022946 1.061110 0.000000
0.123979 -0.023081 1.067577 0.000000
0.121423 -0.023431 1.083969 0.000000
0.113266 -0.022685 1.049663 0.000000
0.109208 -0.022734 1.052103 0.000000
0.104635 -0.022676 1.049553 0.000000
0.099228 -0.022423 1.038027 0.000000
0.094463 -0.022299 1.032448 0.000000
0.090179 -0.022282 1.031827 0.000000
0.084822 -0.021986 1.018237 0.000000
0.082182 -0.022399 1.037509 0.000000
0.075117 -0.021586 0.999950 0.000000
0.073105 -0.022214 1.029168 0.000000
0.065847 -0.021227 0.983570 0.000000
0.063791 -0.021898 1.014761 0.000000
0.059018 -0.021664 1.004034 0.000000
0.054660 -0.021560 0.999274 0.000000
0.050139 -0.021369 0.990502 0.000000
0.045598 -0.021134 0.979712 0.000000
0.041824 -0.021244 0.984883 0.000000
0.037701 -0.021182 0.982048 0.000000
0.034013 -0.021378 0.991186 0.000000
0.029556 -0.021078 0.977326 0.000000
0.025866 -0.021316 0.988432 0.000000
0.021976 -0.021447 0.994526 0.000000
0.017946 -0.021470 0.995607 0.000000
0.013991 -0.021621 1.002669 0.000000
0.009791 -0.021364 0.990721 0.000000
0.005892 -0.021860 1.013747 0.000000
0.001717 -0.021256 0.985769 0.000000
-0.002414 -0.022356 1.036756 0.000000
-0.006455 -0.021752 1.008745 0.000000
-0.010802 -0.022248 1.031704 0.000000
-0.014740 -0.021859 1.013657 0.000000
-0.018698 -0.021664 1.004592 0.000000
-0.023331 -0.022181 1.028496 0.000000
-0.027999 -0.022567 1.046382 0.000000
-0.032412 -0.022674 1.051256 0.000000
-0.036829 -0.022758 1.055112 0.000000
-0.040734 -0.022541 1.044963 0.000000
-0.045890 -0.022991 1.065765 0.000000
-0.050179 -0.022967 1.064571 0.000000
-0.054358 -0.022900 1.061362 0.000000
-0.059173 -0.023091 1.070117 0.000000
-0.064830 -0.023562 1.091823 0.000000
-0.069842 -0.023752 1.100530 0.000000
-0.075666 -0.024179 1.120187 0.000000
-0.078437 -0.023637 1.094940 0.000000
-0.083720 -0.023869 1.105578 0.000000
-0.087660 -0.023714 1.098252 0.000000
-0.096055 -0.024721 1.144711 0.000000
0.165585 -0.027816 1.080026 0.000000
0.164008 -0.028309 1.099474 0.000000
0.158831 -0.028192 1.095183 0.000000
0.149507 -0.027309 1.061172 0.000000
0.147775 -0.027802 1.080588 0.000000
0.142864 -0.027709 1.077215 0.000000
0.139765 -0.027973 1.087700 0.000000
0.133869 -0.027675 1.076354 0.000000
0.129498 -0.027683 1.076888 0.000000
0.122127 -0.027027 1.051587 0.000000
0.118301 -0.027136 1.056048 0.000000
0.112402 -0.026760 1.041611 0.000000
0.106208 -0.026282 1.023167 0.000000
0.101952 -0.026262 1.022595 0.000000
0.098652 -0.026498 1.031957 0.000000
0.093547 -0.026249 1.022394 0.000000
0.089477 -0.026280 1.023761 0.000000
0.084319 -0.025978 1.012162 0.000000
0.079178 -0.025651 0.999541 0.000000
0.074664 -0.025502 0.993873 0.000000
0.072605 -0.026223 1.022089 0.000000
0.066177 -0.025357 0.988463 0.000000
0.063850 -0.026052 1.015662 0.000000
0.058545 -0.025544 0.995954 0.000000
0.054711 -0.025650 1.000176 0.000000
0.050288 -0.025474 0.993402 0.000000
0.045131 -0.024862 0.969632 0.000000
0.040846 -0.024660 0.961817 0.000000
0.038427 -0.025661 1.000934 0.000000
0.034217 -0.025561 0.997086 0.000000
0.029615 -0.025102 0.979231 0.000000
0.025786 -0.025257 0.985339 0.000000
0.021820 -0.025310 0.987435 0.000000
0.017981 -0.025567 0.997510 0.000000
0.013795 -0.025338 0.988579 0.000000
0.009682 -0.025108 0.979630 0.000000
0.005758 -0.025390 0.990658 0.000000
0.001743 -0.025647 1.000670 0.000000
-0.002277 -0.025058 0.977676 0.000000
-0.006544 -0.026210 1.022643 0.000000
-0.010540 -0.025800 1.006614 0.000000
-0.014913 -0.026286 1.025555 0.000000
-0.018679 -0.025722 1.003497 0.000000
-0.023194 -0.026207 1.022401 0.000000
-0.027489 -0.026334 1.027295 0.000000
-0.032040 -0.026640 1.039165 0.000000
-0.035712 -0.026228 1.023041 0.000000
-0.040342 -0.026533 1.034874 0.000000
-0.045500 -0.027094 1.056674 0.000000
-0.049988 -0.027194 1.060474 0.000000
-0.054406 -0.027242 1.062259 0.000000
-0.059501 -0.027597 1.076003 0.000000
-0.063879 -0.027594 1.075752 0.000000
-0.068635 -0.027743 1.081469 0.000000
-0.073237 -0.027816 1.084173 0.000000
-0.079290 -0.028400 1.106800 0.000000
-0.081678 -0.027679 1.078558 0.000000
-0.088848 -0.028569 1.113094 0.000000
-0.089696 -0.027439 1.068892 0.000000
0.172240 -0.033530 1.123378 0.000000
0.170781 -0.034161 1.144828 0.000000
0.160686 -0.033051 1.107920 0.000000
0.152286 -0.032235 1.080849 0.000000
0.150474 -0.032806 1.100274 0.000000
0.143906 -0.032344 1.085021 0.000000
0.138610 -0.032147 1.078656 0.000000
0.134477 -0.032215 1.081193 0.000000
0.132951 -0.032933 1.105548 0.000000
0.124194 -0.031848 1.069341 0.000000
0.117180 -0.031146 1.045996 0.000000
0.112931 -0.031154 1.046463 0.000000
0.109504 -0.031398 1.054867 0.000000
0.105218 -0.031406 1.055303 0.000000
0.100738 -0.031354 1.053731 0.000000
0.092994 -0.030235 1.016307 0.000000
0.090081 -0.030656 1.030617 0.000000
0.085642 -0.030573 1.027986 0.000000
0.082014 -0.030786 1.035300 0.000000
0.076456 -0.030258 1.017684 0.000000
0.072175 -0.030204 1.015992 0.000000
0.067642 -0.030031 1.010293 0.000000
0.064285 -0.030391 1.022531 0.000000
0.059010 -0.029832 1.003825 0.000000
0.055035 -0.029895 1.006052 0.000000
0.050891 -0.029869 1.005270 0.000000
0.046243 -0.029516 0.993486 0.000000
0.042497 -0.029727 1.000657 0.000000
0.038003 -0.029403 0.989834 0.000000
0.033837 -0.029287 0.985985 0.000000
0.029583 -0.029052 0.978122 0.000000
0.025915 -0.029410 0.990224 0.000000
0.021995 -0.029560 0.995318 0.000000
0.017944 -0.029562 0.995399 0.000000
0.013766 -0.029296 0.986469 0.000000
0.009869 -0.029653 0.998511 0.000000
0.005891 -0.030099 1.013536 0.000000
0.001774 -0.030247 1.018549 0.000000
-0.002302 -0.029357 0.988562 0.000000
-0.006461 -0.029980 1.009534 0.000000
-0.010832 -0.030722 1.034487 0.000000
-0.014724 -0.030068 1.012447 0.000000
-0.018938 -0.030215 1.017375 0.000000
-0.023079 -0.030214 1.017290 0.000000
-0.027354 -0.030361 1.022183 0.000000
-0.031853 -0.030686 1.033054 0.000000
-0.036372 -0.030951 1.041906 0.000000
-0.040184 -0.030622 1.030763 0.000000
-0.046185 -0.031865 1.072533 0.000000
-0.050127 -0.031595 1.063350 0.000000
-0.054658 -0.031710 1.067131 0.000000
-0.059332 -0.031885 1.072888 0.000000
-0.065001 -0.032533 1.094589 0.000000
-0.068631 -0.032143 1.081348 0.000000
-0.070942 -0.031219 1.050144 0.000000
-0.077356 -0.032104 1.079757 0.000000
-0.083635 -0.032840 1.104351 0.000000
-0.089638 -0.033397 1.122933 0.000000
-0.097464 -0.034547 1.161406 0.000000
0.163745 -0.036246 1.067911 0.000000
0.170032 -0.038673 1.139738 0.000000
0.157231 -0.036773 1.084040 0.000000
0.151160 -0.036382 1.072792 0.000000
0.149651 -0.037098 1.094191 0.000000
0.142976 -0.036538 1.077946 0.000000
0.138090 -0.036415 1.074552 0.000000
0.133974 -0.036492 1.077086 0.000000
0.125543 -0.035359 1.043883 0.000000
0.122571 -0.035738 1.055305 0.000000
0.118618 -0.035848 1.058773 0.000000
0.112065 -0.035150 1.038379 0.000000
0.108052 -0.035226 1.040814 0.000000
0.103723 -0.035200 1.040249 0.000000
0.097592 -0.034535 1.020764 0.000000
0.093716 -0.034643 1.024138 0.000000
0.091380 -0.035357 1.045418 0.000000
0.084557 -0.034320 1.014906 0.000000
0.078772 -0.033619 0.994318 0.000000
0.075103 -0.033793 0.999613 0.000000
0.071320 -0.033933 1.003898 0.000000
0.067504 -0.034073 1.008168 0.000000
0.063590 -0.034179 1.011427 0.000000
0.058537 -0.033645 0.995714 0.000000
0.055195 -0.034087 1.008916 0.000000
0.050130 -0.033450 0.990168 0.000000
0.045636 -0.033117 0.980380 0.000000
0.041646 -0.033120 0.980557 0.000000
0.037808 -0.033258 0.984713 0.000000
0.033972 -0.033430 0.989853 0.000000
0.029520 -0.032960 0.975998 0.000000
0.025678 -0.033131 0.981105 0.000000
0.021375 -0.032660 0.967213 0.000000
0.017744 -0.033235 0.984279 0.000000
0.013946 -0.033743 0.999333 0.000000
0.009759 -0.033339 0.987389 0.000000
0.005734 -0.033306 0.986421 0.000000
0.001730 -0.033542 0.993432 0.000000
-0.002328 -0.033745 0.999428 0.000000
-0.006550 -0.034555 1.023396 0.000000
-0.010528 -0.033947 1.005372 0.000000
-0.014970 -0.034756 1.029305 0.000000
-0.018918 -0.034316 1.016245 0.000000
-0.023894 -0.035563 1.053129 0.000000
-0.027860 -0.035156 1.041034 0.000000
-0.031790 -0.034817 1.030923 0.000000
-0.035951 -0.034781 1.029786 0.000000
-0.040571 -0.035149 1.040616 0.000000
-0.045537 -0.035720 1.057417 0.000000
-0.050311 -0.036053 1.067207 0.000000
-0.053632 -0.035375 1.047031 0.000000
-0.059493 -0.036349 1.075743 0.000000
-0.064937 -0.036951 1.093450 0.000000
-0.068816 -0.036643 1.084201 0.000000
-0.072351 -0.036200 1.070949 0.000000
-0.079279 -0.037408 1.106533 0.000000
-0.084082 -0.037537 1.110188 0.000000
-0.090984 -0.038541 1.139725 0.000000
-0.093780 -0.037793 1.117435 0.000000
0.173880 -0.043129 1.133935 0.000000
0.168986 -0.043068 1.132654 0.000000
0.157793 -0.041353 1.087838 0.000000
0.153937 -0.041516 1.092427 0.000000
0.149910 -0.041641 1.096012 0.000000
0.146250 -0.041879 1.102554 0.000000
0.138079 -0.040800 1.074395 0.000000
0.134457 -0.041037 1.080896 0.000000
0.130425 -0.041161 1.084409 0.000000
0.125790 -0.041096 1.082945 0.000000
0.119054 -0.040315 1.062592 0.000000
0.111949 -0.039345 1.037235 0.000000
0.109488 -0.039995 1.054578 0.000000
0.105995 -0.040305 1.062968 0.000000
0.100438 -0.039824 1.050458 0.000000
0.094255 -0.039040 1.029960 0.000000
0.089371 -0.038745 1.022370 0.000000
0.085214 -0.038753 1.022725 0.000000
0.079634 -0.038080 1.005131 0.000000
0.075845 -0.038238 1.009433 0.000000
0.072306 -0.038546 1.017707 0.000000
0.067365 -0.038099 1.006028 0.000000
0.063585 -0.038293 1.011280 0.000000
0.059764 -0.038487 1.016518 0.000000
0.054645 -0.037812 0.998792 0.000000
0.050530 -0.037778 0.998008 0.000000
0.046654 -0.037933 1.002198 0.000000
0.041685 -0.037144 0.981413 0.000000
0.038534 -0.037978 1.003543 0.000000
0.033695 -0.037150 0.981720 0.000000
0.029578 -0.037002 0.977853 0.000000
0.025937 -0.037495 0.990952 0.000000
0.021682 -0.037119 0.981059 0.000000
0.017887 -0.037537 0.992129 0.000000
0.013834 -0.037501 0.991194 0.000000
0.009917 -0.037955 1.003233 0.000000
0.005844 -0.038032 1.005264 0.000000
0.001758 -0.038183 1.009276 0.000000
-0.002305 -0.037427 0.989290 0.000000
-0.006479 -0.038297 1.012255 0.000000
-0.010747 -0.038825 1.026210 0.000000
-0.014620 -0.038031 1.005175 0.000000
-0.019084 -0.038785 1.025089 0.000000
-0.024006 -0.040031 1.057971 0.000000
-0.027029 -0.038215 1.009916 0.000000
-0.031941 -0.039196 1.035767 0.000000
-0.036716 -0.039798 1.051607 0.000000
-0.041308 -0.040097 1.059437 0.000000
-0.045362 -0.039867 1.053270 0.000000
-0.050402 -0.040468 1.069048 0.000000
-0.055315 -0.040879 1.079812 0.000000
-0.059378 -0.040648 1.073591 0.000000
-0.063984 -0.040794 1.077331 0.000000
-0.070204 -0.041884 1.105983 0.000000
-0.074232 -0.041614 1.098709 0.000000
-0.079202 -0.041872 1.105375 0.000000
-0.082868 -0.041451 1.094083 0.000000
-0.090818 -0.043105 1.137567 0.000000
-0.096280 -0.043475 1.147146 0.000000
0.169322 -0.046517 1.104124 0.000000
0.167645 -0.047323 1.123577 0.000000
0.159501 -0.046297 1.099527 0.000000
0.154481 -0.046144 1.096207 0.000000
0.149491 -0.045991 1.092865 0.000000
0.142164 -0.045088 1.071672 0.000000
0.139469 -0.045642 1.085122 0.000000
0.133952 -0.045280 1.076756 0.000000
0.125999 -0.044040 1.047531 0.000000
0.123935 -0.044844 1.066890 0.000000
0.116930 -0.043854 1.043554 0.000000
0.112261 -0.043697 1.040047 0.000000
0.108756 -0.043999 1.047450 0.000000
0.105986 -0.044635 1.062796 0.000000
0.098337 -0.043183 1.028407 0.000000
0.093518 -0.042899 1.021833 0.000000
0.089102 -0.042782 1.019219 0.000000
0.084211 -0.042414 1.010611 0.000000
0.080574 -0.042672 1.016921 0.000000
0.075989 -0.042428 1.011262 0.000000
0.071167 -0.042017 1.001596 0.000000
0.068494 -0.042901 1.022812 0.000000
0.063141 -0.042113 1.004136 0.000000
0.058820 -0.041951 1.000395 0.000000
0.055350 -0.042416 1.011599 0.000000
0.050172 -0.041543 0.990861 0.000000
0.046418 -0.041798 0.997045 0.000000
0.042360 -0.041802 0.997226 0.000000
0.037495 -0.040927 0.976424 0.000000
0.033521 -0.040930 0.976568 0.000000
0.029696 -0.041142 0.981690 0.000000
0.026327 -0.042150 1.005773 0.000000
0.021283 -0.040352 0.962920 0.000000
0.017885 -0.041568 0.991968 0.000000
0.013874 -0.041653 0.994031 0.000000
0.009856 -0.041780 0.997076 0.000000
0.005762 -0.041529 0.991114 0.000000
0.001732 -0.041656 0.994126 0.000000
-0.002291 -0.041195 0.983135 0.000000
-0.006498 -0.042535 1.015088 0.000000
-0.010694 -0.042785 1.021048 0.000000
-0.014997 -0.043203 1.030986 0.000000
-0.018692 -0.042071 1.003945 0.000000
-0.023482 -0.043367 1.034826 0.000000
-0.027428 -0.042947 1.024734 0.000000
-0.031569 -0.042902 1.023615 0.000000
-0.036922 -0.044322 1.057428 0.000000
-0.040331 -0.043357 1.034306 0.000000
-0.044885 -0.043688 1.042119 0.000000
-0.051009 -0.045357 1.081849 0.000000
-0.055055 -0.045060 1.074648 0.000000
-0.058932 -0.044679 1.065436 0.000000
-0.064275 -0.045384 1.082143 0.000000
-0.068869 -0.045504 1.084864 0.000000
-0.072340 -0.044913 1.070619 0.000000
-0.076482 -0.044781 1.067327 0.000000
-0.083616 -0.046321 1.103869 0.000000
-0.090095 -0.047358 1.128419 0.000000
-0.096774 -0.048395 1.152934 0.000000
0.170725 -0.052873 1.144125 0.000000
0.161350 -0.051382 1.112183 0.000000
0.152376 -0.049936 1.081174 0.000000
0.147310 -0.049722 1.076834 0.000000
0.143464 -0.049919 1.081383 0.000000
0.138309 -0.049658 1.076011 0.000000
0.134433 -0.049855 1.080529 0.000000
0.130402 -0.050005 1.084041 0.000000
0.124384 -0.049377 1.070669 0.000000
0.117809 -0.048473 1.051310 0.000000
0.113858 -0.048622 1.054759 0.000000
0.108230 -0.048037 1.042295 0.000000
0.105183 -0.048597 1.054654 0.000000
0.097757 -0.047096 1.022257 0.000000
0.094966 -0.047792 1.037567 0.000000
0.089007 -0.046885 1.018041 0.000000
0.085530 -0.047260 1.026359 0.000000
0.080409 -0.046718 1.014748 0.000000
0.076131 -0.046634 1.013074 0.000000
0.071726 -0.046458 1.009389 0.000000
0.067486 -0.046373 1.007679 0.000000
0.063260 -0.046287 1.005951 0.000000
0.060164 -0.047074 1.023152 0.000000
0.054471 -0.045794 0.995460 0.000000
0.050571 -0.045937 0.998666 0.000000
0.045205 -0.044657 0.970923 0.000000
0.041677 -0.045120 0.981079 0.000000
0.037760 -0.045216 0.983237 0.000000
0.033929 -0.045449 0.988374 0.000000
0.029784 -0.045269 0.984510 0.000000
0.025776 -0.045272 0.984623 0.000000
0.021634 -0.044999 0.978727 0.000000
0.017973 -0.045827 0.996785 0.000000
0.013803 -0.045461 0.988859 0.000000
0.009747 -0.045325 0.985911 0.000000
0.005750 -0.045464 0.988939 0.000000
0.001782 -0.047026 1.022918 0.000000
-0.002309 -0.045556 0.990951 0.000000
-0.006338 -0.045510 0.989934 0.000000
-0.010568 -0.046382 1.008879 0.000000
-0.015010 -0.047437 1.031801 0.000000
-0.019100 -0.047160 1.025739 0.000000
-0.023027 -0.046653 1.014667 0.000000
-0.027265 -0.046834 1.018559 0.000000
-0.031782 -0.047383 1.030422 0.000000
-0.036430 -0.047977 1.043262 0.000000
-0.041223 -0.048616 1.057080 0.000000
-0.045354 -0.048428 1.052912 0.000000
-0.050534 -0.049296 1.071677 0.000000
-0.053874 -0.048373 1.051510 0.000000
-0.059368 -0.049377 1.073226 0.000000
-0.065336 -0.050611 1.099899 0.000000
-0.069306 -0.050237 1.091649 0.000000
-0.072199 -0.049176 1.068435 0.000000
-0.078974 -0.050728 1.102010 0.000000
-0.082024 -0.049849 1.082754 0.000000
-0.090405 -0.052134 1.132201 0.000000
-0.092002 -0.050475 1.095988 0.000000
0.168939 -0.056952 1.132048 0.000000
0.159470 -0.055279 1.099117 0.000000
0.151524 -0.054052 1.075029 0.000000
0.145265 -0.053372 1.061781 0.000000
0.141742 -0.053685 1.068301 0.000000
0.137786 -0.053849 1.071839 0.000000
0.134173 -0.054162 1.078336 0.000000
0.128957 -0.053827 1.071930 0.000000
0.125409 -0.054189 1.079389 0.000000
0.115684 -0.051811 1.032247 0.000000
0.113954 -0.052969 1.055546 0.000000
0.108838 -0.052582 1.048053 0.000000
0.103586 -0.052095 1.038548 0.000000
0.099744 -0.052305 1.042936 0.000000
0.095139 -0.052116 1.039354 0.000000
0.086388 -0.049532 0.987994 0.000000
0.084609 -0.050887 1.015210 0.000000
0.080558 -0.050946 1.016541 0.000000
0.076423 -0.050954 1.016860 0.000000
0.071507 -0.050413 1.006203 0.000000
0.067279 -0.050321 1.004493 0.000000
0.062940 -0.050128 1.000771 0.000000
0.058985 -0.050234 1.003012 0.000000
0.053975 -0.049391 0.986290 0.000000
0.049859 -0.049297 0.984506 0.000000
0.045619 -0.049052 0.979713 0.000000
0.042266 -0.049806 0.994858 0.000000
0.037756 -0.049211 0.983045 0.000000
0.033445 -0.048765 0.974207 0.000000
0.029237 -0.048369 0.966349 0.000000
0.026034 -0.049771 0.994415 0.000000
0.021455 -0.048574 0.970548 0.000000
0.017791 -0.049376 0.986605 0.000000
0.013787 -0.049428 0.987668 0.000000
0.009667 -0.048930 0.977729 0.000000
0.005784 -0.049780 0.994738 0.000000
0.001738 -0.049931 0.997750 0.000000
-0.002365 -0.050780 1.014727 0.000000
-0.006459 -0.050480 1.008717 0.000000
-0.010378 -0.049580 0.990706 0.000000
-0.014951 -0.051428 1.027605 0.000000
-0.018800 -0.050527 1.009562 0.000000
-0.022889 -0.050475 1.008478 0.000000
-0.027450 -0.051322 1.025349 0.000000
-0.032179 -0.052219 1.043198 0.000000
-0.035974 -0.051566 1.030083 0.000000
-0.040479 -0.051962 1.037912 0.000000
-0.045780 -0.053207 1.062684 0.000000
-0.050341 -0.053452 1.067478 0.000000
-0.053767 -0.052547 1.049310 0.000000
-0.059032 -0.053441 1.067033 0.000000
-0.064796 -0.054633 1.090712 0.000000
-0.069299 -0.054676 1.091436 0.000000
-0.072529 -0.053771 1.073209 0.000000
-0.079038 -0.055261 1.102791 0.000000
-0.083148 -0.055003 1.097481 0.000000
-0.089044 -0.055893 1.115055 0.000000
-0.090405 -0.053987 1.076864 0.000000
0.163025 -0.059428 1.092304 0.000000
0.159309 -0.059714 1.097896 0.000000
0.155689 -0.060055 1.104465 0.000000
0.150528 -0.059803 1.100140 0.000000
0.144485 -0.059174 1.088863 0.000000
0.137262 -0.058006 1.067651 0.000000
0.133788 -0.058398 1.075135 0.000000
0.130733 -0.059005 1.086574 0.000000
0.125395 -0.058589 1.079160 0.000000
0.118229 -0.057256 1.054852 0.000000
0.111155 -0.055868 1.029511 0.000000
0.109136 -0.057012 1.050811 0.000000
0.104269 -0.056701 1.045283 0.000000
0.102586 -0.058168 1.072536 0.000000
0.095220 -0.056400 1.040129 0.000000
0.091772 -0.056896 1.049460 0.000000
0.084849 -0.055180 1.017981 0.000000
0.081260 -0.055567 1.025285 0.000000
0.076265 -0.054982 1.014653 0.000000
0.074401 -0.056718 1.046828 0.000000
0.069274 -0.056024 1.034169 0.000000
0.063936 -0.055060 1.016504 0.000000
0.058157 -0.053555 0.988845 0.000000
0.055115 -0.054534 1.007020 0.000000
0.050914 -0.054432 1.005241 0.000000
0.047333 -0.055031 1.016411 0.000000
0.041584 -0.052984 0.978685 0.000000
0.038174 -0.053799 0.993813 0.000000
0.034469 -0.054343 1.003940 0.000000
0.029415 -0.052618 0.972133 0.000000
0.026031 -0.053810 0.994205 0.000000
0.021585 -0.052841 0.976333 0.000000
0.017897 -0.053707 0.992387 0.000000
0.014065 -0.054520 1.007428 0.000000
0.009932 -0.054359 1.004481 0.000000
0.005748 -0.053496 0.988537 0.000000
0.001758 -0.054631 1.009521 0.000000
-0.002318 -0.053821 0.994542 0.000000
-0.006426 -0.054307 1.003511 0.000000
-0.010775 -0.055657 1.028439 0.000000
-0.014615 -0.054359 1.004424 0.000000
-0.018650 -0.054195 1.001361 0.000000
-0.022841 -0.054463 1.006268 0.000000
-0.028436 -0.057486 1.062065 0.000000
-0.032669 -0.057321 1.058947 0.000000
-0.036458 -0.056507 1.043836 0.000000
-0.041331 -0.057367 1.059644 0.000000
-0.045947 -0.057741 1.066450 0.000000
-0.050571 -0.058060 1.072239 0.000000
-0.054886 -0.058000 1.071027 0.000000
-0.060901 -0.059614 1.100706 0.000000
-0.065382 -0.059607 1.100449 0.000000
-0.068153 -0.058142 1.073268 0.000000
-0.075080 -0.060186 1.110840 0.000000
-0.078387 -0.059260 1.093594 0.000000
-0.082158 -0.058766 1.084305 0.000000
-0.091261 -0.061940 1.142689 0.000000
-0.096411 -0.062254 1.148279 0.000000
0.167133 -0.065507 1.119702 0.000000
0.154989 -0.062464 1.068006 0.000000
0.155532 -0.064506 1.103225 0.000000
0.146586 -0.062616 1.071205 0.000000
0.144600 -0.063674 1.089604 0.000000
0.137628 -0.062534 1.070378 0.000000
0.135622 -0.063650 1.089750 0.000000
0.126543 -0.061409 1.051635 0.000000
0.125381 -0.062987 1.078914 0.000000
0.117437 -0.061149 1.047667 0.000000
0.112964 -0.061047 1.046149 0.000000
0.108195 -0.060770 1.041634 0.000000
0.104158 -0.060899 1.044052 0.000000
0.101148 -0.061664 1.057385 0.000000
0.095937 -0.061097 1.047845 0.000000
0.088630 -0.059079 1.013418 0.000000
0.086332 -0.060365 1.035656 0.000000
0.081408 -0.059853 1.027042 0.000000
0.074460 -0.057716 0.990530 0.000000
0.071491 -0.058595 1.005761 0.000000
0.068999 -0.059996 1.029949 0.000000
0.062989 -0.058322 1.001327 0.000000
0.060437 -0.059838 1.027486 0.000000
0.055108 -0.058626 1.006790 0.000000
0.050908 -0.058516 1.005012 0.000000
0.046584 -0.058232 1.000224 0.000000
0.041536 -0.056902 0.977464 0.000000
0.037862 -0.057372 0.985606 0.000000
0.033849 -0.057376 0.985752 0.000000
0.029774 -0.057264 0.983885 0.000000
0.026603 -0.059126 1.015933 0.000000
0.021516 -0.056631 0.973116 0.000000
0.017949 -0.057912 0.995155 0.000000
0.013700 -0.057101 0.981245 0.000000
0.009921 -0.058380 1.003254 0.000000
0.005811 -0.058149 0.999293 0.000000
0.001722 -0.057510 0.988327 0.000000
-0.002318 -0.057859 0.994315 0.000000
-0.006407 -0.058207 1.000287 0.000000
-0.010711 -0.059485 1.022215 0.000000
-0.015107 -0.060413 1.038134 0.000000
-0.018555 -0.057971 0.996142 0.000000
-0.023995 -0.061512 1.056940 0.000000
-0.027685 -0.060174 1.033880 0.000000
-0.033004 -0.062261 1.069681 0.000000
-0.036001 -0.059992 1.030628 0.000000
-0.040471 -0.060394 1.037456 0.000000
-0.045340 -0.061261 1.052243 0.000000
-0.051130 -0.063113 1.083961 0.000000
-0.054471 -0.061888 1.062807 0.000000
-0.060619 -0.063797 1.095471 0.000000
-0.064427 -0.063152 1.084253 0.000000
-0.068398 -0.062738 1.077008 0.000000
-0.073725 -0.063542 1.090666 0.000000
-0.078664 -0.063940 1.097328 0.000000
-0.082074 -0.063118 1.083062 0.000000
-0.091410 -0.066705 1.144419 0.000000
-0.093894 -0.065186 1.118173 0.000000
0.169470 -0.071069 1.135222 0.000000
0.164145 -0.070782 1.130960 0.000000
0.156070 -0.069256 1.106908 0.000000
0.149410 -0.068286 1.091709 0.000000
0.147077 -0.069295 1.108137 0.000000
0.138502 -0.067333 1.077046 0.000000
0.133510 -0.067041 1.072646 0.000000
0.132252 -0.068667 1.098943 0.000000
0.123291 -0.066268 1.060805 0.000000
0.120536 -0.067151 1.075183 0.000000
0.116808 -0.067538 1.081617 0.000000
0.108388 -0.065136 1.043365 0.000000
0.104343 -0.065273 1.045782 0.000000
0.100375 -0.065472 1.049178 0.000000
0.093923 -0.063996 1.025723 0.000000
0.091315 -0.065125 1.043993 0.000000
0.085658 -0.064081 1.027446 0.000000
0.079820 -0.062789 1.006891 0.000000
0.075274 -0.062427 1.001236 0.000000
0.073393 -0.064360 1.032395 0.000000
0.067789 -0.063066 1.011772 0.000000
0.065676 -0.065061 1.043915 0.000000
0.059491 -0.063020 1.011293 0.000000
0.055319 -0.062965 1.010530 0.000000
0.050902 -0.062600 1.004766 0.000000
0.046346 -0.061985 0.994994 0.000000
0.042378 -0.062115 0.997169 0.000000
0.037934 -0.061499 0.987360 0.000000
0.034872 -0.063243 1.015435 0.000000
0.029528 -0.060762 0.975664 0.000000
0.026129 -0.062133 0.997726 0.000000
0.021734 -0.061204 0.982856 0.000000
0.017784 -0.061393 0.985930 0.000000
0.013824 -0.061644 0.989986 0.000000
0.009929 -0.062516 1.004007 0.000000
0.005868 -0.062828 1.009029 0.000000
0.001778 -0.063574 1.021021 0.000000
-0.002337 -0.062393 1.002057 0.000000
-0.006560 -0.063760 1.023996 0.000000
-0.010700 -0.063573 1.020967 0.000000
-0.015280 -0.065374 1.049856 0.000000
-0.018627 -0.062265 0.999890 0.000000
-0.023720 -0.065059 1.044708 0.000000
-0.027414 -0.063751 1.023651 0.000000
-0.032446 -0.065487 1.051463 0.000000
-0.036380 -0.064862 1.041348 0.000000
-0.040311 -0.064360 1.033213 0.000000
-0.045636 -0.065970 1.058966 0.000000
-0.050889 -0.067207 1.078711 0.000000
-0.055129 -0.067014 1.075505 0.000000
-0.060225 -0.067814 1.088227 0.000000
-0.063531 -0.066627 1.069043 0.000000
-0.068200 -0.066929 1.073757 0.000000
-0.074120 -0.068349 1.096374 0.000000
-0.077084 -0.067036 1.075158 0.000000
-0.084930 -0.069881 1.120616 0.000000
-0.092750 -0.072415 1.161052 0.000000
-0.095804 -0.071162 1.140774 0.000000
0.165027 -0.073731 1.105319 0.000000
0.163120 -0.074938 1.123753 0.000000
0.150476 -0.071139 1.067097 0.000000
0.148308 -0.072213 1.083516 0.000000
0.143513 -0.072035 1.081140 0.000000
0.141411 -0.073241 1.099527 0.000000
0.134725 -0.072073 1.082268 0.000000
0.131161 -0.072552 1.089740 0.000000
0.123967 -0.070986 1.066475 0.000000
0.116963 -0.069419 1.043171 0.000000
0.115293 -0.071019 1.067446 0.000000
0.109817 -0.070308 1.056987 0.000000
0.104825 -0.069860 1.050474 0.000000
0.099316 -0.069015 1.037978 0.000000
0.095912 -0.069623 1.047315 0.000000
0.091303 -0.069371 1.043720 0.000000
0.085066 -0.067798 1.020217 0.000000
0.079968 -0.067016 1.008618 0.000000
0.076236 -0.067357 1.013909 0.000000
0.072038 -0.067301 1.013215 0.000000
0.067180 -0.066583 1.002548 0.000000
0.063662 -0.067187 1.011775 0.000000
0.059191 -0.066799 1.006049 0.000000
0.055367 -0.067137 1.011263 0.000000
0.050037 -0.065557 0.987562 0.000000
0.046386 -0.066093 0.995731 0.000000
0.042288 -0.066032 0.994915 0.000000
0.038044 -0.065707 0.990093 0.000000
0.033566 -0.064852 0.977276 0.000000
0.029404 -0.064459 0.971420 0.000000
0.026491 -0.067110 1.011430 0.000000
0.021400 -0.064202 0.967636 0.000000
0.018070 -0.066455 1.001635 0.000000
0.014017 -0.066590 1.003696 0.000000
0.009868 -0.066194 0.997758 0.000000
0.005815 -0.066328 0.999785 0.000000
0.001766 -0.067256 1.013770 0.000000
-0.002388 -0.067918 1.023747 0.000000
-0.006406 -0.066329 0.999782 0.000000
-0.010563 -0.066857 1.007729 0.000000
-0.014552 -0.066326 0.999696 0.000000
-0.018755 -0.066788 1.006612 0.000000
-0.023400 -0.068374 1.030469 0.000000
-0.027732 -0.068702 1.035353 0.000000
-0.032227 -0.069294 1.044207 0.000000
-0.036690 -0.069686 1.050051 0.000000
-0.040656 -0.069152 1.041917 0.000000
-0.046060 -0.070933 1.068658 0.000000
-0.050883 -0.071589 1.078429 0.000000
-0.053896 -0.069796 1.051308 0.000000
-0.059556 -0.071442 1.075987 0.000000
-0.063820 -0.071302 1.073744 0.000000
-0.069330 -0.072484 1.091401 0.000000
-0.074380 -0.073070 1.100070 0.000000
-0.078002 -0.072267 1.087815 0.000000
-0.082280 -0.072124 1.085500 0.000000
-0.090910 -0.075616 1.137872 0.000000
-0.095375 -0.075472 1.135505 0.000000
0.172076 -0.081598 1.152370 0.000000
0.159085 -0.077569 1.095799 0.000000
0.155610 -0.078080 1.103348 0.000000
0.150046 -0.077543 1.096063 0.000000
0.145462 -0.077494 1.095673 0.000000
0.140628 -0.077304 1.093285 0.000000
0.137541 -0.078094 1.104735 0.000000
0.131501 -0.077203 1.092408 0.000000
0.126368 -0.076801 1.086987 0.000000
0.120837 -0.076119 1.077577 0.000000
0.113455 -0.074174 1.050289 0.000000
0.109699 -0.074541 1.055702 0.000000
0.103820 -0.073435 1.040256 0.000000
0.099778 -0.073589 1.042655 0.000000
0.097173 -0.074865 1.060932 0.000000
0.091725 -0.073967 1.048399 0.000000
0.085883 -0.072648 1.029875 0.000000
0.081534 -0.072519 1.028226 0.000000
0.075403 -0.070707 1.002686 0.000000
0.072099 -0.071489 1.013929 0.000000
0.067704 -0.071218 1.010232 0.000000
0.063465 -0.071088 1.008508 0.000000
0.060003 -0.071868 1.019711 0.000000
0.055304 -0.071175 1.009986 0.000000
0.050181 -0.069779 0.990277 0.000000
0.046379 -0.070137 0.995455 0.000000
0.041816 -0.069300 0.983676 0.000000
0.038767 -0.071062 1.008757 0.000000
0.034109 -0.069943 0.992955 0.000000
0.029943 -0.069667 0.989098 0.000000
0.026279 -0.070655 1.003172 0.000000
0.022279 -0.070939 1.007259 0.000000
0.017419 -0.067992 0.965452 0.000000
0.014154 -0.071366 1.013392 0.000000
0.009926 -0.070666 1.003466 0.000000
0.005826 -0.070527 1.001503 0.000000
0.001757 -0.071019 1.008501 0.000000
-0.002381 -0.071862 1.020470 0.000000
-0.006533 -0.071792 1.019454 0.000000
-0.010708 -0.071931 1.021414 0.000000
-0.015160 -0.073335 1.041311 0.000000
-0.018865 -0.071296 1.012317 0.000000
-0.023171 -0.071855 1.020210 0.000000
-0.028476 -0.074872 1.062986 0.000000
-0.031792 -0.072550 1.029959 0.000000
-0.037347 -0.075284 1.068701 0.000000
-0.040884 -0.073805 1.047608 0.000000
-0.046527 -0.076046 1.079324 0.000000
-0.050641 -0.075618 1.073148 0.000000
-0.054655 -0.075119 1.065960 0.000000
-0.060927 -0.077569 1.100589 0.000000
-0.065469 -0.077630 1.101328 0.000000
-0.070650 -0.078393 1.112004 0.000000
-0.074707 -0.077892 1.104741 0.000000
-0.081631 -0.080267 1.138257 0.000000
-0.086417 -0.080396 1.139906 0.000000
-0.089627 -0.079121 1.121647 0.000000
-0.097450 -0.081844 1.160041 0.000000
0.166012 -0.083273 1.111591 0.000000
0.160208 -0.082632 1.103372 0.000000
0.153220 -0.081325 1.086237 0.000000
0.150295 -0.082161 1.097717 0.000000
0.143866 -0.081074 1.083488 0.000000
0.138572 -0.080577 1.077138 0.000000
0.133947 -0.080450 1.075711 0.000000
0.131482 -0.081654 1.092087 0.000000
0.127387 -0.081895 1.095583 0.000000
0.119263 -0.079470 1.063386 0.000000
0.114724 -0.079339 1.061878 0.000000
0.108755 -0.078171 1.046464 0.000000
0.102220 -0.076482 1.024073 0.000000
0.098148 -0.076571 1.025472 0.000000
0.095066 -0.077475 1.037779 0.000000
0.091538 -0.078082 1.046104 0.000000
0.084959 -0.076019 1.018640 0.000000
0.081206 -0.076403 1.023947 0.000000
0.075841 -0.075227 1.008358 0.000000
0.073008 -0.076574 1.026562 0.000000
0.068561 -0.076288 1.022870 0.000000
0.064019 -0.075853 1.017169 0.000000
0.058471 -0.074081 0.993528 0.000000
0.055514 -0.075574 1.013672 0.000000
0.050628 -0.074468 0.998950 0.000000
0.046837 -0.074921 1.005124 0.000000
0.043589 -0.076413 1.025233 0.000000
0.038186 -0.074043 0.993513 0.000000
0.033933 -0.073603 0.987680 0.000000
0.029908 -0.073608 0.987810 0.000000
0.026640 -0.075767 1.016833 0.000000
0.021879 -0.073691 0.989017 0.000000
0.018118 -0.074808 1.004054 0.000000
0.013971 -0.074514 1.000131 0.000000
0.009964 -0.075036 1.007160 0.000000
0.005807 -0.074368 0.998217 0.000000
0.001747 -0.074741 1.003218 0.000000
-0.002355 -0.075187 1.009200 0.000000
-0.006558 -0.076226 1.023143 0.000000
-0.010769 -0.076523 1.027097 0.000000
-0.014941 -0.076447 1.026048 0.000000
-0.018936 -0.075702 1.016008 0.000000
-0.023417 -0.076813 1.030877 0.000000
-0.027190 -0.075621 1.014823 0.000000
-0.032464 -0.078365 1.051584 0.000000
-0.036645 -0.078138 1.048454 0.000000
-0.040839 -0.077984 1.046303 0.000000
-0.045661 -0.078943 1.059081 0.000000
-0.049506 -0.078194 1.048925 0.000000
-0.055618 -0.080860 1.084569 0.000000
-0.057941 -0.078030 1.046497 0.000000
-0.065578 -0.082253 1.102995 0.000000
-0.069248 -0.081279 1.089781 0.000000
-0.073620 -0.081194 1.088496 0.000000
-0.078552 -0.081703 1.095151 0.000000
-0.084595 -0.083249 1.115705 0.000000
-0.088502 -0.082643 1.107399 0.000000
-0.094597 -0.084039 1.125912 0.000000
0.169227 -0.089525 1.132938 0.000000
0.161903 -0.088071 1.114868 0.000000
0.155842 -0.087238 1.104656 0.000000
0.152436 -0.087886 1.113179 0.000000
0.144763 -0.086037 1.090069 0.000000
0.139823 -0.085748 1.086691 0.000000
0.135282 -0.085691 1.086259 0.000000
0.129078 -0.084541 1.071952 0.000000
0.125755 -0.085264 1.081379 0.000000
0.118023 -0.082940 1.052158 0.000000
0.115349 -0.084130 1.067495 0.000000
0.108223 -0.082039 1.041181 0.000000
0.106462 -0.084009 1.066411 0.000000
0.101933 -0.083869 1.064850 0.000000
0.095688 -0.082243 1.044406 0.000000
0.091350 -0.082180 1.043792 0.000000
0.086686 -0.081803 1.039187 0.000000
0.079775 -0.079157 1.005741 0.000000
0.077699 -0.081281 1.032897 0.000000
0.071582 -0.079181 1.006355 0.000000
0.067550 -0.079270 1.007632 0.000000
0.063884 -0.079828 1.014863 0.000000
0.058930 -0.078742 1.001181 0.000000
0.055833 -0.080160 1.019330 0.000000
0.051882 -0.080482 1.023531 0.000000
0.046922 -0.079159 1.006803 0.000000
0.042439 -0.078461 0.998021 0.000000
0.038448 -0.078625 1.000178 0.000000
0.034441 -0.078787 1.002319 0.000000
0.029964 -0.077774 0.989496 0.000000
0.026479 -0.079424 1.010538 0.000000
0.021743 -0.077234 0.982730 0.000000
0.017846 -0.077708 0.988791 0.000000
0.014038 -0.078964 1.004804 0.000000
0.010002 -0.079436 1.010834 0.000000
0.006020 -0.081318 1.034792 0.000000
0.001759 -0.079360 1.009885 0.000000
-0.002357 -0.079360 1.009884 0.000000
-0.006436 -0.078890 1.003884 0.000000
-0.010852 -0.081317 1.034753 0.000000
-0.015113 -0.081551 1.037691 0.000000
-0.018934 -0.079825 1.015692 0.000000
-0.023549 -0.081467 1.036537 0.000000
-0.028041 -0.082247 1.046398 0.000000
-0.033044 -0.084122 1.070190 0.000000
-0.037894 -0.085213 1.083996 0.000000
-0.040911 -0.082388 1.047971 0.000000
-0.045869 -0.083635 1.063732 0.000000
-0.050956 -0.084881 1.079470 0.000000
-0.055252 -0.084716 1.077262 0.000000
-0.060634 -0.086117 1.094946 0.000000
-0.065154 -0.086186 1.095686 0.000000
-0.070440 -0.087193 1.108346 0.000000
-0.073744 -0.085773 1.090147 0.000000
-0.078184 -0.085762 1.089839 0.000000
-0.084206 -0.087393 1.110388 0.000000
-0.092938 -0.091526 1.162706 0.000000
-0.098590 -0.092372 1.173247 0.000000
0.171114 -0.095215 1.145381 0.000000
0.159442 -0.091226 1.097736 0.000000
0.157349 -0.092646 1.115149 0.000000
0.149707 -0.090785 1.093067 0.000000
0.145789 -0.091137 1.097616 0.000000
0.140055 -0.090340 1.088313 0.000000
0.131811 -0.087819 1.058213 0.000000
0.130606 -0.089975 1.084464 0.000000
0.124814 -0.089010 1.073105 0.000000
0.116670 -0.086238 1.039928 0.000000
0.114795 -0.088064 1.062191 0.000000
0.108000 -0.086111 1.038858 0.000000
0.103871 -0.086211 1.040279 0.000000
0.098687 -0.085405 1.030771 0.000000
0.093399 -0.084435 1.019253 0.000000
0.090206 -0.085354 1.030544 0.000000
0.086838 -0.086191 1.040833 0.000000
0.079920 -0.083409 1.007399 0.000000
0.075817 -0.083421 1.007715 0.000000
0.072914 -0.084832 1.024914 0.000000
0.069673 -0.085996 1.039122 0.000000
0.064187 -0.084361 1.019504 0.000000
0.059506 -0.083631 1.010802 0.000000
0.055279 -0.083476 1.009045 0.000000
0.050410 -0.082250 0.994331 0.000000
0.046079 -0.081764 0.988555 0.000000
0.042050 -0.081771 0.988734 0.000000
0.038212 -0.082190 0.993876 0.000000
0.034195 -0.082278 0.995019 0.000000
0.029928 -0.081707 0.988176 0.000000
0.026736 -0.084348 1.020170 0.000000
0.021982 -0.082128 0.993368 0.000000
0.018040 -0.082626 0.999428 0.000000
0.014008 -0.082876 1.002483 0.000000
0.010029 -0.083784 1.013493 0.000000
0.005921 -0.084116 1.017512 0.000000
0.001743 -0.082716 1.000585 0.000000
-0.002341 -0.082881 1.002577 0.000000
-0.006460 -0.083292 1.007542 0.000000
-0.010505 -0.082797 1.001529 0.000000
-0.014908 -0.084608 1.023400 0.000000
-0.018913 -0.083864 1.014363 0.000000
-0.023455 -0.085344 1.032212 0.000000
-0.027717 -0.085505 1.034101 0.000000
-0.032763 -0.087724 1.060875 0.000000
-0.036077 -0.085330 1.031849 0.000000
-0.041605 -0.088124 1.065553 0.000000
-0.045691 -0.087624 1.059401 0.000000
-0.051089 -0.089510 1.082103 0.000000
-0.054121 -0.087279 1.055013 0.000000
-0.060625 -0.090563 1.094588 0.000000
-0.062837 -0.087425 1.056528 0.000000
-0.070050 -0.091201 1.102016 0.000000
-0.073329 -0.089708 1.083824 0.000000
-0.076959 -0.088791 1.072583 0.000000
-0.082987 -0.090589 1.094124 0.000000
-0.091891 -0.095183 1.149411 0.000000
-0.095487 -0.094098 1.136118 0.000000
-0.821372 -0.140892 1.606735 0.000000
-0.829893 -0.141139 1.607975 0.000000
0.167993 -0.098084 1.124295 0.000000
0.164715 -0.098886 1.133839 0.000000
0.156766 -0.096850 1.110820 0.000000
0.150223 -0.095586 1.096639 0.000000
0.146289 -0.095955 1.101189 0.000000
0.140667 -0.095205 1.092879 0.000000
0.136716 -0.095574 1.097394 0.000000
0.132610 -0.095855 1.100907 0.000000
0.123872 -0.092690 1.064819 0.000000
0.119095 -0.092367 1.061352 0.000000
0.113705 -0.091525 1.051921 0.000000
0.111897 -0.093613 1.076156 0.000000
0.104843 -0.091304 1.049834 0.000000
0.099335 -0.090201 1.037358 0.000000
0.094384 -0.089527 1.029816 0.000000
0.092102 -0.091441 1.052025 0.000000
0.088729 -0.092406 1.063311 0.000000
0.081561 -0.089314 1.027908 0.000000
0.077000 -0.088896 1.023264 0.000000
0.072195 -0.088133 1.014624 0.000000
0.067794 -0.087799 1.010932 0.000000
0.063425 -0.087465 1.007222 0.000000
0.058442 -0.086181 0.992553 0.000000
0.054779 -0.086795 0.999745 0.000000
0.050502 -0.086459 0.995980 0.000000
0.045979 -0.085604 0.986225 0.000000
0.042975 -0.087685 1.010292 0.000000
0.037938 -0.085618 0.986565 0.000000
0.033676 -0.085020 0.979742 0.000000
0.030104 -0.086235 0.993811 0.000000
0.026627 -0.088142 1.015836 0.000000
0.022220 -0.087109 1.003983 0.000000
0.018199 -0.087458 1.008049 0.000000
0.014075 -0.087375 1.007119 0.000000
0.009948 -0.087204 1.005175 0.000000
0.005821 -0.086774 1.000226 0.000000
0.001767 -0.087985 1.014189 0.000000
-0.002334 -0.086689 0.999244 0.000000
-0.006536 -0.088417 1.019151 0.000000
-0.010849 -0.089712 1.034059 0.000000
-0.015297 -0.091093 1.049945 0.000000
-0.019114 -0.088930 1.024972 0.000000
-0.023474 -0.089618 1.032854 0.000000
-0.028006 -0.090651 1.044701 0.000000
-0.032696 -0.091856 1.058519 0.000000
-0.036385 -0.090295 1.040456 0.000000
-0.041948 -0.093227 1.074146 0.000000
-0.047272 -0.095120 1.095864 0.000000
-0.051927 -0.095458 1.099644 0.000000
-0.055031 -0.093117 1.072560 0.000000
-0.060505 -0.094835 1.092222 0.000000
-0.063477 -0.092665 1.067105 0.000000
-0.071239 -0.097318 1.120528 0.000000
-0.072980 -0.093679 1.078482 0.000000
-0.078088 -0.094530 1.088114 0.000000
-0.085912 -0.098401 1.132491 0.000000
-0.091241 -0.099163 1.141071 0.000000
-0.096890 -0.100183 1.152604 0.000000
-0.837110 -0.150699 1.637242 0.000000
-0.872266 -0.155688 1.689786 0.000000
0.167375 -0.102311 1.119950 0.000000
0.163683 -0.102881 1.126531 0.000000
0.153119 -0.099038 1.084779 0.000000
0.150872 -0.100506 1.101178 0.000000
0.144034 -0.098912 1.084009 0.000000
0.139626 -0.098937 1.084583 0.000000
0.132997 -0.097339 1.067350 0.000000
0.132110 -0.099977 1.096555 0.000000
0.126037 -0.098738 1.083231 0.000000
0.119963 -0.097407 1.068888 0.000000
0.113364 -0.095534 1.048572 0.000000
0.109405 -0.095825 1.051994 0.000000
0.104330 -0.095122 1.044501 0.000000
0.100172 -0.095231 1.045907 0.000000
0.094276 -0.093623 1.028453 0.000000
0.092346 -0.095988 1.054622 0.000000
0.085980 -0.093746 1.030176 0.000000
0.080838 -0.092677 1.018603 0.000000
0.075417 -0.091156 1.002040 0.000000
0.072324 -0.092434 1.016245 0.000000
0.068182 -0.092447 1.016530 0.000000
0.063288 -0.091374 1.004871 0.000000
0.060188 -0.092922 1.022021 0.000000
0.055804 -0.092571 1.018279 0.000000
0.050291 -0.090140 0.991642 0.000000
0.047408 -0.092409 1.016709 0.000000
0.042290 -0.090337 0.994008 0.000000
0.038237 -0.090345 0.994171 0.000000
0.033978 -0.089809 0.988347 0.000000
0.030400 -0.091172 1.003408 0.000000
0.026309 -0.091177 1.003523 0.000000
0.021996 -0.090277 0.993665 0.000000
0.018052 -0.090824 0.999721 0.000000
0.013780 -0.089560 0.985844 0.000000
0.010035 -0.092096 1.013776 0.000000
0.005779 -0.090198 0.992895 0.000000
0.001773 -0.092460 1.017807 0.000000
-0.002332 -0.090651 0.997888 0.000000
-0.006606 -0.093546 1.029739 0.000000
-0.010596 -0.091735 1.009786 0.000000
-0.014976 -0.093362 1.027659 0.000000
-0.019223 -0.093630 1.030577 0.000000
-0.022973 -0.091818 1.010577 0.000000
-0.027815 -0.094256 1.037355 0.000000
-0.032722 -0.096241 1.059133 0.000000
-0.036518 -0.094879 1.044062 0.000000
-0.041670 -0.096952 1.066793 0.000000
-0.046534 -0.098030 1.078555 0.000000
-0.051073 -0.098293 1.081341 0.000000
-0.054767 -0.097018 1.067201 0.000000
-0.059393 -0.097461 1.071941 0.000000
-0.065182 -0.099620 1.095551 0.000000
-0.068763 -0.098343 1.081362 0.000000
-0.074717 -0.100409 1.103928 0.000000
-0.077576 -0.098318 1.080768 0.000000
-0.085371 -0.102370 1.125132 0.000000
-0.090034 -0.102445 1.125769 0.000000
-0.096707 -0.104687 1.150204 0.000000
0.169258 -0.108102 1.132328 0.000000
0.167376 -0.109920 1.151722 0.000000
0.156014 -0.105436 1.105072 0.000000
0.152467 -0.106123 1.112599 0.000000
0.145188 -0.104175 1.092482 0.000000
0.139219 -0.103072 1.081212 0.000000
0.132357 -0.101215 1.062009 0.000000
0.132443 -0.104724 1.099107 0.000000
0.126014 -0.103147 1.082823 0.000000
0.120385 -0.102134 1.072442 0.000000
0.114414 -0.100742 1.058074 0.000000
0.109179 -0.099915 1.049618 0.000000
0.104905 -0.099935 1.050051 0.000000
0.101578 -0.100897 1.060378 0.000000
0.095168 -0.098747 1.037979 0.000000
0.092329 -0.100273 1.054225 0.000000
0.086544 -0.098592 1.036733 0.000000
0.083658 -0.100212 1.053946 0.000000
0.077122 -0.097396 1.024495 0.000000
0.073653 -0.098354 1.034730 0.000000
0.067903 -0.096196 1.012174 0.000000
0.064466 -0.097247 1.023371 0.000000
0.059592 -0.096126 1.011698 0.000000
0.055358 -0.095948 1.009943 0.000000
0.050786 -0.095108 1.001211 0.000000
0.046936 -0.095590 1.006382 0.000000
0.042663 -0.095220 1.002585 0.000000
0.038919 -0.096079 1.011703 0.000000
0.034143 -0.094291 0.992949 0.000000
0.030244 -0.094769 0.998055 0.000000
0.026199 -0.094869 0.999164 0.000000
0.022146 -0.094968 1.000258 0.000000
0.018533 -0.097430 1.026219 0.000000
0.014041 -0.095354 1.004386 0.000000
0.010043 -0.096301 1.014390 0.000000
0.005864 -0.095642 1.007453 0.000000
0.001781 -0.097060 1.022402 0.000000
-0.002325 -0.094414 0.994526 0.000000
-0.006369 -0.094225 0.992517 0.000000
-0.010887 -0.098477 1.037279 0.000000
-0.014974 -0.097529 1.027272 0.000000
-0.019387 -0.098661 1.039147 0.000000
-0.023241 -0.097051 1.022140 0.000000
-0.027970 -0.099031 1.042936 0.000000
-0.032286 -0.099215 1.044803 0.000000
-0.036234 -0.098358 1.035709 0.000000
-0.041274 -0.100336 1.056444 0.000000
-0.046741 -0.102879 1.083122 0.000000
-0.051064 -0.102681 1.080934 0.000000
-0.055165 -0.102105 1.074752 0.000000
-0.059383 -0.101811 1.071537 0.000000
-0.066058 -0.105484 1.110044 0.000000
-0.070520 -0.105377 1.108773 0.000000
-0.075578 -0.106119 1.116424 0.000000
-0.079558 -0.105350 1.108164 0.000000
-0.087917 -0.110149 1.158459 0.000000
-0.092956 -0.110510 1.162062 0.000000
-0.097524 -0.110305 1.159691 0.000000
0.164811 -0.109780 1.102355 0.000000
0.162048 -0.110988 1.114830 0.000000
0.157515 -0.111019 1.115476 0.000000
0.151762 -0.110167 1.107231 0.000000
0.143193 -0.107154 1.077255 0.000000
0.142624 -0.110126 1.107436 0.000000
0.134425 -0.107208 1.078379 0.000000
0.133490 -0.110081 1.107566 0.000000
0.125530 -0.107160 1.078443 0.000000
0.121805 -0.107774 1.084877 0.000000
0.113964 -0.104653 1.053701 0.000000
0.109776 -0.104773 1.055144 0.000000
0.106072 -0.105383 1.061521 0.000000
0.100609 -0.104224 1.050055 0.000000
0.095968 -0.103850 1.046490 0.000000
0.090575 -0.102589 1.033983 0.000000
0.086361 -0.102606 1.034342 0.000000
0.081595 -0.101934 1.027739 0.000000
0.077182 -0.101655 1.025084 0.000000
0.074204 -0.103342 1.042264 0.000000
0.068090 -0.100600 1.014755 0.000000
0.064141 -0.100909 1.018002 0.000000
0.060575 -0.101906 1.028188 0.000000
0.055456 -0.100243 1.011533 0.000000
0.050423 -0.098481 0.993861 0.000000
0.047251 -0.100362 1.012944 0.000000
0.042739 -0.099484 1.004179 0.000000
0.038414 -0.098901 0.998378 0.000000
0.033589 -0.096741 0.976646 0.000000
0.030238 -0.098817 0.997662 0.000000
0.026298 -0.099315 1.002751 0.000000
0.022075 -0.098729 0.996880 0.000000
0.017847 -0.097846 0.988006 0.000000
0.014177 -0.100412 1.013942 0.000000
0.009972 -0.099725 1.007025 0.000000
0.005788 -0.098445 0.994121 0.000000
0.001761 -0.100122 1.011053 0.000000
-0.002362 -0.100023 1.010057 0.000000
-0.006412 -0.098939 0.999093 0.000000
-0.010625 -0.100219 1.011994 0.000000
-0.015058 -0.102286 1.032838 0.000000
-0.018938 -0.100509 1.014859 0.000000
-0.024096 -0.104940 1.059543 0.000000
-0.028472 -0.105132 1.061426 0.000000
-0.031911 -0.102270 1.032457 0.000000
-0.036436 -0.103150 1.041269 0.000000
-0.040800 -0.103439 1.044096 0.000000
-0.046389 -0.106485 1.074742 0.000000
-0.050632 -0.106180 1.071563 0.000000
-0.055921 -0.107943 1.089237 0.000000
-0.059867 -0.107046 1.080058 0.000000
-0.065632 -0.109300 1.102654 0.000000
-0.070065 -0.109189 1.101385 0.000000
-0.074757 -0.109470 1.104070 0.000000
-0.080684 -0.111425 1.123610 0.000000
-0.085415 -0.111606 1.125257 0.000000
-0.093018 -0.115329 1.162597 0.000000
-0.097673 -0.115213 1.161218 0.000000
0.167574 -0.116214 1.120595 0.000000
0.163447 -0.116554 1.124217 0.000000
0.158457 -0.116280 1.121914 0.000000
0.154299 -0.116618 1.125503 0.000000
0.145525 -0.113380 1.094563 0.000000
0.144121 -0.115861 1.118821 0.000000
0.134521 -0.111700 1.078924 0.000000
0.132392 -0.113669 1.098224 0.000000
0.125965 -0.111957 1.081954 0.000000
0.120671 -0.111164 1.074546 0.000000
0.114904 -0.109858 1.062170 0.000000
0.109342 -0.108653 1.050753 0.000000
0.103776 -0.107344 1.038320 0.000000
0.103816 -0.111971 1.083292 0.000000
0.097948 -0.110353 1.067854 0.000000
0.090383 -0.106585 1.031577 0.000000
0.086427 -0.106910 1.034909 0.000000
0.082760 -0.107644 1.042192 0.000000
0.077988 -0.106943 1.035576 0.000000
0.075673 -0.109725 1.062674 0.000000
0.067544 -0.103899 1.006399 0.000000
0.065504 -0.107294 1.039426 0.000000
0.059568 -0.104335 1.010886 0.000000
0.055009 -0.103527 1.003173 0.000000
0.051573 -0.104870 1.016303 0.000000
0.046964 -0.103855 1.006567 0.000000
0.042265 -0.102429 0.992836 0.000000
0.038559 -0.103360 1.001945 0.000000
0.033958 -0.101830 0.987181 0.000000
0.029749 -0.101221 0.981345 0.000000
0.025928 -0.101945 0.988418 0.000000
0.022049 -0.102668 0.995477 0.000000
0.018202 -0.103903 1.007493 0.000000
0.014133 -0.104214 1.010542 0.000000
0.010097 -0.105140 1.019543 0.000000
0.005827 -0.103193 1.000676 0.000000
0.001760 -0.104220 1.010639 0.000000
-0.002301 -0.101451 0.983780 0.000000
-0.006514 -0.104631 1.014598 0.000000
-0.010748 -0.105552 1.023516 0.000000
-0.015230 -0.107704 1.044351 0.000000
-0.019213 -0.106163 1.029362 0.000000
-0.023459 -0.106364 1.031264 0.000000
-0.027400 -0.105334 1.021217 0.000000
-0.032397 -0.108097 1.047942 0.000000
-0.037021 -0.109116 1.057742 0.000000
-0.041570 -0.109724 1.063547 0.000000
-0.045737 -0.109306 1.059394 0.000000
-0.050810 -0.110937 1.075098 0.000000
-0.055859 -0.112260 1.087797 0.000000
-0.059306 -0.110404 1.069684 0.000000
-0.064674 -0.112134 1.086315 0.000000
-0.069925 -0.113454 1.098948 0.000000
-0.072458 -0.110468 1.069874 0.000000
-0.079244 -0.113937 1.103305 0.000000
-0.081483 -0.110848 1.073218 0.000000
-0.091175 -0.117695 1.139314 0.000000
-0.095570 -0.117369 1.135961 0.000000
0.172246 -0.124177 1.151587 0.000000
0.166275 -0.123258 1.143418 0.000000
0.157590 -0.120215 1.115528 0.000000
0.152782 -0.120035 1.114186 0.000000
0.147986 -0.119854 1.112823 0.000000
0.141550 -0.118292 1.098620 0.000000
0.134002 -0.115666 1.074517 0.000000
0.132603 -0.118350 1.099730 0.000000
0.126514 -0.116889 1.086430 0.000000
0.118760 -0.113727 1.057290 0.000000
0.112955 -0.112263 1.043923 0.000000
0.112511 -0.116220 1.080964 0.000000
0.105337 -0.113266 1.053708 0.000000
0.102561 -0.114989 1.069963 0.000000
0.094839 -0.111074 1.033733 0.000000
0.092188 -0.113009 1.051938 0.000000
0.085664 -0.110154 1.025550 0.000000
0.080696 -0.109107 1.015977 0.000000
0.077300 -0.110188 1.026211 0.000000
0.072903 -0.109885 1.023540 0.000000
0.068662 -0.109793 1.022835 0.000000
0.063927 -0.108849 1.014174 0.000000
0.060433 -0.110034 1.025344 0.000000
0.056087 -0.109727 1.022602 0.000000
0.051562 -0.108992 1.015870 0.000000
0.046583 -0.107085 0.998192 0.000000
0.041833 -0.105389 0.982478 0.000000
0.038551 -0.107423 1.001518 0.000000
0.033780 -0.105299 0.981792 0.000000
0.029532 -0.104453 0.973970 0.000000
0.026391 -0.107870 1.005888 0.000000
0.022330 -0.108089 1.007975 0.000000
0.017641 -0.104682 0.976245 0.000000
0.013976 -0.107138 0.999175 0.000000
0.009839 -0.106501 0.993258 0.000000
0.005929 -0.109168 1.018147 0.000000
0.001758 -0.108210 1.009214 0.000000
-0.002403 -0.110129 1.027110 0.000000
-0.006647 -0.110982 1.035046 0.000000
-0.010840 -0.110660 1.032027 0.000000
-0.015125 -0.111191 1.036946 0.000000
-0.019377 -0.111295 1.037870 0.000000
-0.023296 -0.109798 1.023866 0.000000
-0.028142 -0.112458 1.048612 0.000000
-0.032053 -0.111173 1.036563 0.000000
-0.037779 -0.115750 1.079153 0.000000
-0.041057 -0.112651 1.050178 0.000000
-0.047959 -0.119143 1.110598 0.000000
-0.049674 -0.112740 1.050803 0.000000
-0.054319 -0.113476 1.057543 0.000000
-0.059790 -0.115702 1.078162 0.000000
-0.065134 -0.117394 1.093792 0.000000
-0.071238 -0.120150 1.119318 0.000000
-0.073989 -0.117260 1.092235 0.000000
-0.079584 -0.118948 1.107794 0.000000
-0.087641 -0.123936 1.154060 0.000000
-0.094410 -0.126686 1.179465 0.000000
-0.096885 -0.123686 1.151329 0.000000
0.170886 -0.127881 1.142230 0.000000
0.170389 -0.131110 1.171435 0.000000
0.156305 -0.123769 1.106176 0.000000
0.150858 -0.123031 1.099906 0.000000
0.143761 -0.120860 1.080803 0.000000
0.140885 -0.122213 1.093205 0.000000
0.135819 -0.121692 1.088834 0.000000
0.131860 -0.122162 1.093322 0.000000
0.126027 -0.120867 1.082000 0.000000
0.121841 -0.121114 1.084477 0.000000
0.115498 -0.119154 1.067175 0.000000
0.110737 -0.118737 1.063680 0.000000
0.104424 -0.116554 1.044340 0.000000
0.102065 -0.118784 1.064542 0.000000
0.095091 -0.115603 1.036244 0.000000
0.090953 -0.115734 1.037611 0.000000
0.086556 -0.115533 1.035990 0.000000
0.080915 -0.113563 1.018499 0.000000
0.077283 -0.114353 1.025756 0.000000
0.073805 -0.115475 1.035975 0.000000
0.067781 -0.112506 1.009491 0.000000
0.064788 -0.114510 1.027612 0.000000
0.059601 -0.112645 1.010999 0.000000
0.055748 -0.113210 1.016195 0.000000
0.051601 -0.113222 1.016412 0.000000
0.045970 -0.109695 0.984844 0.000000
0.042289 -0.110589 0.992966 0.000000
0.038619 -0.111704 1.003061 0.000000
0.034114 -0.110385 0.991290 0.000000
0.029947 -0.109950 0.987446 0.000000
0.026099 -0.110730 0.994514 0.000000
0.021995 -0.110515 0.992625 0.000000
0.018427 -0.113506 1.019536 0.000000
0.013806 -0.109859 0.986808 0.000000
0.010053 -0.112960 1.014682 0.000000
0.005962 -0.113958 1.023659 0.000000
0.001771 -0.113185 1.016718 0.000000
-0.002415 -0.114845 1.031624 0.000000
-0.006506 -0.112742 1.012723 0.000000
-0.010933 -0.115838 1.040515 0.000000
-0.015108 -0.115283 1.035493 0.000000
-0.019596 -0.116828 1.049335 0.000000
-0.024377 -0.119258 1.071106 0.000000
-0.028563 -0.118478 1.064043 0.000000
-0.032446 -0.116813 1.049018 0.000000
-0.037146 -0.118133 1.060796 0.000000
-0.040971 -0.116688 1.047726 0.000000
-0.045505 -0.117342 1.053509 0.000000
-0.050931 -0.119987 1.077142 0.000000
-0.055684 -0.120750 1.083874 0.000000
-0.059282 -0.119080 1.068754 0.000000
-0.066362 -0.124152 1.114141 0.000000
-0.072171 -0.126349 1.133700 0.000000
-0.076124 -0.125228 1.123482 0.000000
-0.079996 -0.124107 1.113251 0.000000
-0.088677 -0.130167 1.167423 0.000000
-0.090108 -0.125508 1.125444 0.000000
-0.096699 -0.128140 1.148838 0.000000
0.174377 -0.135274 1.165285 0.000000
0.164058 -0.130863 1.127639 0.000000
0.158356 -0.129986 1.120423 0.000000
0.152040 -0.128537 1.108259 0.000000
0.144384 -0.125830 1.085230 0.000000
0.141997 -0.127690 1.101570 0.000000
0.135051 -0.125436 1.082419 0.000000
0.133140 -0.127866 1.103669 0.000000
0.127379 -0.126638 1.093344 0.000000
0.120372 -0.124036 1.071144 0.000000
0.115365 -0.123377 1.065697 0.000000
0.109993 -0.122259 1.056274 0.000000
0.105588 -0.122169 1.055722 0.000000
0.100904 -0.121734 1.052186 0.000000
0.097068 -0.122329 1.057532 0.000000
0.090846 -0.119832 1.036145 0.000000
0.087613 -0.121226 1.048384 0.000000
0.081841 -0.119070 1.029915 0.000000
0.078386 -0.120233 1.040144 0.000000
0.073506 -0.119219 1.031535 0.000000
0.068698 -0.118205 1.022904 0.000000
0.064524 -0.118220 1.023174 0.000000
0.059997 -0.117547 1.017477 0.000000
0.055572 -0.116987 1.012752 0.000000
0.050733 -0.115395 0.999079 0.000000
0.046655 -0.115406 0.999277 0.000000
0.042153 -0.114270 0.989532 0.000000
0.038419 -0.115196 0.997637 0.000000
0.033799 -0.113371 0.981899 0.000000
0.029850 -0.113607 0.984014 0.000000
0.025988 -0.114302 0.990085 0.000000
0.021902 -0.114078 0.988196 0.000000
0.018064 -0.115344 0.999202 0.000000
0.014109 -0.116380 1.008207 0.000000
0.010001 -0.116498 1.009249 0.000000
0.005891 -0.116729 1.011268 0.000000
0.001744 -0.115584 1.001350 0.000000
-0.002350 -0.115813 1.003335 0.000000
-0.006511 -0.116960 1.013251 0.000000
-0.010805 -0.118678 1.028117 0.000000
-0.015279 -0.120854 1.046937 0.000000
-0.019573 -0.120966 1.047859 0.000000
-0.023875 -0.121076 1.048764 0.000000
-0.027731 -0.119236 1.032770 0.000000
-0.033054 -0.123357 1.068394 0.000000
-0.036408 -0.120025 1.039460 0.000000
-0.041079 -0.121278 1.050223 0.000000
-0.045967 -0.122874 1.063942 0.000000
-0.050686 -0.123781 1.071685 0.000000
-0.055316 -0.124342 1.076431 0.000000
-0.060205 -0.125362 1.085125 0.000000
-0.065166 -0.126379 1.093796 0.000000
-0.069567 -0.126250 1.092532 0.000000
-0.075168 -0.128182 1.109090 0.000000
-0.077629 -0.124844 1.080041 0.000000
-0.085347 -0.129866 1.123302 0.000000
-0.090882 -0.131221 1.134829 0.000000
-0.099095 -0.136124 1.177018 0.000000
0.165812 -0.133175 1.107770 0.000000
0.166022 -0.137110 1.140859 0.000000
0.159432 -0.135494 1.127755 0.000000
0.151196 -0.132340 1.101828 0.000000
0.145268 -0.131074 1.091603 0.000000
0.142854 -0.132999 1.107939 0.000000
0.134282 -0.129129 1.075992 0.000000
0.131801 -0.131052 1.092299 0.000000
0.126890 -0.130609 1.088878 0.000000
0.122341 -0.130520 1.088396 0.000000
0.115018 -0.127352 1.062228 0.000000
0.109350 -0.125839 1.049846 0.000000
0.104081 -0.124680 1.040399 0.000000
0.102777 -0.128375 1.071453 0.000000
0.095865 -0.125082 1.044174 0.000000
0.093081 -0.127118 1.061370 0.000000
0.088337 -0.126547 1.056791 0.000000
0.080642 -0.121471 1.014577 0.000000
0.078965 -0.125401 1.047570 0.000000
0.074125 -0.124470 1.039958 0.000000
0.067418 -0.120100 1.003593 0.000000
0.064384 -0.122132 1.020705 0.000000
0.059457 -0.120604 1.008072 0.000000
0.056376 -0.122871 1.027142 0.000000
0.050671 -0.119326 0.997612 0.000000
0.047431 -0.121473 1.015663 0.000000
0.043284 -0.121483 1.015847 0.000000
0.038066 -0.118171 0.988232 0.000000
0.035123 -0.121977 1.020133 0.000000
0.030716 -0.121035 1.012328 0.000000
0.026425 -0.120330 1.006488 0.000000
0.021874 -0.117963 0.986733 0.000000
0.018293 -0.120935 1.011633 0.000000
0.014174 -0.121058 1.012691 0.000000
0.009979 -0.120349 1.006783 0.000000
0.005895 -0.120944 1.011780 0.000000
0.001750 -0.120115 1.004845 0.000000
-0.002364 -0.120590 1.008815 0.000000
-0.006535 -0.121539 1.016741 0.000000
-0.010887 -0.123792 1.035570 0.000000
-0.015160 -0.124146 1.038496 0.000000
-0.019273 -0.123312 1.031476 0.000000
-0.023960 -0.125799 1.052236 0.000000
-0.027618 -0.122946 1.028308 0.000000
-0.032494 -0.125550 1.050022 0.000000
-0.037374 -0.127560 1.066751 0.000000
-0.041497 -0.126840 1.060637 0.000000
-0.046857 -0.129677 1.084268 0.000000
-0.050347 -0.127294 1.064232 0.000000
-0.055814 -0.129892 1.085835 0.000000
-0.060027 -0.129405 1.081634 0.000000
-0.067219 -0.134966 1.127967 0.000000
-0.070751 -0.132934 1.110839 0.000000
-0.075890 -0.133985 1.119459 0.000000
-0.079249 -0.131952 1.102305 0.000000
-0.084651 -0.133357 1.113856 0.000000
-0.090465 -0.135234 1.129340 0.000000
-0.097657 -0.138887 1.159637 0.000000
0.173562 -0.144157 1.159248 0.000000
0.164840 -0.140779 1.132439 0.000000
0.157449 -0.138375 1.113441 0.000000
0.149811 -0.135603 1.091452 0.000000
0.147591 -0.137715 1.108774 0.000000
0.140916 -0.135672 1.092628 0.000000
0.136955 -0.136195 1.097128 0.000000
0.129868 -0.133537 1.075996 0.000000
0.124677 -0.132711 1.069611 0.000000
0.123200 -0.135921 1.095750 0.000000
0.115953 -0.132769 1.070585 0.000000
0.110559 -0.131572 1.061174 0.000000
0.104748 -0.129762 1.046800 0.000000
0.100383 -0.129664 1.046227 0.000000
0.096387 -0.130055 1.049590 0.000000
0.090717 -0.128118 1.034153 0.000000
0.088068 -0.130467 1.053303 0.000000
0.082668 -0.128772 1.039800 0.000000
0.076931 -0.126341 1.020334 0.000000
0.074248 -0.128933 1.041426 0.000000
0.068733 -0.126621 1.022904 0.000000
0.064056 -0.125656 1.015250 0.000000
0.059092 -0.123955 1.001631 0.000000
0.055601 -0.125318 1.012763 0.000000
0.051112 -0.124472 1.006041 0.000000
0.046494 -0.123135 0.995335 0.000000
0.042851 -0.124373 1.005431 0.000000
0.038782 -0.124505 1.006588 0.000000
0.034910 -0.125373 1.013680 0.000000
0.030949 -0.126117 1.019765 0.000000
0.026731 -0.125879 1.017898 0.000000
0.022683 -0.126499 1.022959 0.000000
0.018126 -0.123928 1.002204 0.000000
0.014101 -0.124545 1.007231 0.000000
0.010094 -0.125898 1.018196 0.000000
0.005859 -0.124306 1.005327 0.000000
0.001794 -0.127375 1.030154 0.000000
-0.002394 -0.126271 1.021220 0.000000
-0.006745 -0.129706 1.048990 0.000000
-0.010634 -0.125041 1.011243 0.000000
-0.015114 -0.127984 1.035008 0.000000
-0.019306 -0.127735 1.032953 0.000000
-0.023978 -0.130184 1.052710 0.000000
-0.027826 -0.128093 1.035738 0.000000
-0.032978 -0.131767 1.065376 0.000000
-0.036948 -0.130410 1.054323 0.000000
-0.041100 -0.129910 1.050198 0.000000
-0.046461 -0.132967 1.074810 0.000000
-0.052071 -0.136145 1.100388 0.000000
-0.054782 -0.131840 1.065477 0.000000
-0.059244 -0.132073 1.067228 0.000000
-0.065905 -0.136841 1.105616 0.000000
-0.070105 -0.136212 1.100387 0.000000
-0.073859 -0.134847 1.089202 0.000000
-0.080513 -0.138629 1.119581 0.000000
-0.086663 -0.141184 1.140027 0.000000
-0.092665 -0.143247 1.156484 0.000000
-0.098468 -0.144818 1.168955 0.000000
0.173814 -0.149131 1.160619 0.000000
0.165800 -0.146273 1.138734 0.000000
0.160607 -0.145809 1.135465 0.000000
0.155846 -0.145722 1.135122 0.000000
0.144806 -0.139576 1.087560 0.000000
0.142024 -0.141252 1.100926 0.000000
0.133726 -0.137372 1.070976 0.000000
0.135424 -0.143846 1.121735 0.000000
0.127864 -0.140594 1.096655 0.000000
0.119844 -0.136582 1.065619 0.000000
0.113681 -0.134463 1.049329 0.000000
0.109812 -0.134996 1.053727 0.000000
0.105019 -0.134391 1.049228 0.000000
0.100738 -0.134416 1.049644 0.000000
0.097543 -0.135958 1.061897 0.000000
0.092169 -0.134464 1.050425 0.000000
0.085649 -0.131070 1.024100 0.000000
0.082726 -0.133116 1.040260 0.000000
0.077808 -0.131997 1.031684 0.000000
0.074442 -0.133535 1.043864 0.000000
0.069847 -0.132920 1.039208 0.000000
0.065852 -0.133443 1.043443 0.000000
0.059370 -0.128647 1.006072 0.000000
0.055424 -0.129042 1.009276 0.000000
0.050999 -0.128295 1.003548 0.000000
0.046297 -0.126661 0.990865 0.000000
0.042333 -0.126925 0.993027 0.000000
0.038429 -0.127442 0.997155 0.000000
0.034252 -0.127072 0.994328 0.000000
0.030550 -0.128600 1.006357 0.000000
0.026412 -0.128481 1.005481 0.000000
0.022149 -0.127600 0.998637 0.000000
0.018301 -0.129253 1.011612 0.000000
0.014014 -0.127863 1.000767 0.000000
0.010200 -0.131415 1.028589 0.000000
0.005915 -0.129643 1.014735 0.000000
0.001771 -0.129898 1.016734 0.000000
-0.002410 -0.131293 1.027644 0.000000
-0.006635 -0.131799 1.031593 0.000000
-0.010872 -0.132051 1.033542 0.000000
-0.015053 -0.131668 1.030513 0.000000
-0.019264 -0.131664 1.030444 0.000000
-0.023995 -0.134574 1.053166 0.000000
-0.028113 -0.133681 1.046118 0.000000
-0.032940 -0.135955 1.063842 0.000000
-0.037322 -0.136074 1.064691 0.000000
-0.041944 -0.136951 1.071469 0.000000
-0.046237 -0.136688 1.069308 0.000000
-0.050277 -0.135790 1.062176 0.000000
-0.055381 -0.137678 1.076823 0.000000
-0.060385 -0.139057 1.087484 0.000000
-0.065654 -0.140815 1.101092 0.000000
-0.070908 -0.142319 1.112696 0.000000
-0.075654 -0.142681 1.115369 0.000000
-0.078857 -0.140258 1.096254 0.000000
-0.089200 -0.150111 1.173075 0.000000
-0.091692 -0.146419 1.144029 0.000000
-0.097779 -0.148548 1.160452 0.000000
0.174505 -0.154507 1.164912 0.000000
0.162187 -0.147656 1.113606 0.000000
0.160983 -0.150820 1.137813 0.000000
0.154863 -0.149429 1.127649 0.000000
0.143723 -0.142958 1.079125 0.000000
0.140973 -0.144687 1.092480 0.000000
0.136396 -0.144592 1.092057 0.000000
0.130279 -0.142802 1.078819 0.000000
0.125305 -0.142183 1.074413 0.000000
0.121144 -0.142475 1.076882 0.000000
0.113760 -0.138854 1.049763 0.000000
0.109271 -0.138622 1.048243 0.000000
0.104795 -0.138388 1.046703 0.000000
0.101850 -0.140241 1.060935 0.000000
0.093981 -0.135178 1.022835 0.000000
0.090845 -0.136767 1.035058 0.000000
0.086206 -0.136137 1.030478 0.000000
0.081290 -0.134984 1.021923 0.000000
0.077490 -0.135657 1.027187 0.000000
0.073294 -0.135676 1.027493 0.000000
0.068898 -0.135303 1.024813 0.000000
0.064774 -0.135451 1.026073 0.000000
0.060465 -0.135206 1.024348 0.000000
0.056606 -0.136005 1.030524 0.000000
0.051237 -0.133013 1.007971 0.000000
0.046887 -0.132373 1.003219 0.000000
0.042745 -0.132254 1.002410 0.000000
0.038648 -0.132264 1.002575 0.000000
0.034380 -0.131621 0.997769 0.000000
0.030422 -0.132152 1.001864 0.000000
0.026561 -0.133336 1.010899 0.000000
0.022033 -0.130990 0.993157 0.000000
0.018206 -0.132695 1.006124 0.000000
0.014066 -0.132438 1.004207 0.000000
0.009980 -0.132703 1.006238 0.000000
0.005884 -0.133097 1.009245 0.000000
0.001768 -0.133883 1.015208 0.000000
-0.002370 -0.133230 1.010250 0.000000
-0.006526 -0.133752 1.014198 0.000000
-0.010682 -0.133881 1.015154 0.000000
-0.015484 -0.139762 1.059711 0.000000
-0.019297 -0.136097 1.031885 0.000000
-0.023606 -0.136615 1.035763 0.000000
-0.028426 -0.139486 1.057462 0.000000
-0.032380 -0.137910 1.045446 0.000000
-0.037209 -0.139993 1.061159 0.000000
-0.040926 -0.137892 1.045149 0.000000
-0.046354 -0.141411 1.071717 0.000000
-0.051625 -0.143882 1.090337 0.000000
-0.054909 -0.140864 1.067345 0.000000
-0.060975 -0.144900 1.097801 0.000000
-0.065225 -0.144363 1.093586 0.000000
-0.071396 -0.147873 1.120027 0.000000
-0.074160 -0.144329 1.093021 0.000000
-0.080048 -0.146922 1.112489 0.000000
-0.086698 -0.150558 1.139835 0.000000
-0.092700 -0.152756 1.156275 0.000000
-0.097172 -0.152341 1.152926 0.000000
0.166824 -0.152280 1.113318 0.000000
0.165002 -0.154870 1.132614 0.000000
0.159970 -0.154511 1.130327 0.000000
0.156307 -0.155491 1.137836 0.000000
0.146826 -0.150566 1.102114 0.000000
0.145377 -0.153826 1.126286 0.000000
0.137712 -0.150506 1.102281 0.000000
0.134048 -0.151482 1.109715 0.000000
0.129176 -0.151114 1.107295 0.000000
0.122553 -0.148594 1.089099 0.000000
0.116507 -0.146610 1.074808 0.000000
0.115100 -0.150538 1.103853 0.000000
0.106743 -0.145325 1.065855 0.000000
0.102202 -0.145083 1.064306 0.000000
0.097856 -0.145109 1.064710 0.000000
0.091255 -0.141637 1.039433 0.000000
0.086266 -0.140450 1.030906 0.000000
0.082841 -0.141818 1.041125 0.000000
0.080005 -0.144396 1.060225 0.000000
0.074615 -0.142398 1.045715 0.000000
0.069478 -0.140667 1.033156 0.000000
0.065257 -0.140685 1.033428 0.000000
0.060683 -0.139894 1.027749 0.000000
0.056809 -0.140717 1.033923 0.000000
0.050972 -0.136422 1.002477 0.000000
0.047014 -0.136839 1.005644 0.000000
0.042649 -0.136043 0.999887 0.000000
0.038562 -0.136054 1.000051 0.000000
0.033995 -0.134178 0.986335 0.000000
0.030594 -0.137016 1.007263 0.000000
0.026788 -0.138641 1.019266 0.000000
0.021829 -0.133797 0.983703 0.000000
0.018435 -0.138518 1.018458 0.000000
0.014298 -0.138793 1.020506 0.000000
0.010066 -0.137988 1.014610 0.000000
0.005940 -0.138529 1.018606 0.000000
0.001799 -0.140417 1.032494 0.000000
-0.002379 -0.137857 1.013666 0.000000
-0.006531 -0.137992 1.014639 0.000000
-0.010983 -0.141898 1.043338 0.000000
-0.015466 -0.143916 1.058146 0.000000
-0.019367 -0.140813 1.035288 0.000000
-0.023736 -0.141616 1.041145 0.000000
-0.028313 -0.143227 1.052926 0.000000
-0.033078 -0.145241 1.067659 0.000000
-0.037061 -0.143750 1.056623 0.000000
-0.041149 -0.142932 1.050523 0.000000
-0.046900 -0.147502 1.084006 0.000000
-0.050816 -0.146008 1.072919 0.000000
-0.055813 -0.147611 1.084579 0.000000
-0.061455 -0.150559 1.106110 0.000000
-0.065858 -0.150274 1.103873 0.000000
-0.070685 -0.150930 1.108542 0.000000
-0.075551 -0.151585 1.113189 0.000000
-0.080882 -0.153047 1.123745 0.000000
-0.089758 -0.160697 1.179727 0.000000
-0.093628 -0.159059 1.167501 0.000000
-0.099646 -0.161053 1.181923 0.000000
0.168688 -0.158606 1.125429 0.000000
0.169957 -0.164312 1.166283 0.000000
0.160066 -0.159246 1.130676 0.000000
0.152625 -0.156388 1.110708 0.000000
0.146133 -0.154356 1.096589 0.000000
0.139758 -0.152321 1.082437 0.000000
0.138044 -0.155400 1.104613 0.000000
0.130805 -0.152256 1.082548 0.000000
0.125469 -0.151184 1.075198 0.000000
0.121302 -0.151494 1.077664 0.000000
0.114341 -0.148205 1.054515 0.000000
0.110960 -0.149481 1.063834 0.000000
0.108294 -0.151864 1.081027 0.000000
0.101417 -0.148292 1.055824 0.000000
0.096924 -0.148042 1.054253 0.000000
0.091751 -0.146683 1.044771 0.000000
0.086656 -0.145322 1.035265 0.000000
0.083055 -0.146453 1.043505 0.000000
0.077225 -0.143565 1.023094 0.000000
0.073538 -0.144555 1.030313 0.000000
0.069127 -0.144159 1.027638 0.000000
0.064552 -0.143345 1.021979 0.000000
0.059732 -0.141837 1.011357 0.000000
0.055815 -0.142408 1.015546 0.000000
0.050657 -0.139649 0.995982 0.000000
0.047278 -0.141743 1.011018 0.000000
0.042215 -0.138704 0.989434 0.000000
0.038513 -0.139963 0.998503 0.000000
0.034498 -0.140251 1.000630 0.000000
0.030285 -0.139705 0.996802 0.000000
0.026416 -0.140823 1.004836 0.000000
0.021823 -0.137777 0.983153 0.000000
0.018268 -0.141391 1.008978 0.000000
0.014141 -0.141396 1.009043 0.000000
0.009974 -0.140844 1.005131 0.000000
0.005967 -0.143345 1.022989 0.000000
0.001765 -0.141958 1.013101 0.000000
-0.002342 -0.139739 0.997255 0.000000
-0.006498 -0.141403 1.009120 0.000000
-0.010782 -0.143483 1.023940 0.000000
-0.014942 -0.143202 1.021907 0.000000
-0.019992 -0.149720 1.068375 0.000000
-0.024046 -0.147772 1.054424 0.000000
-0.028519 -0.148598 1.060258 0.000000
-0.032733 -0.148036 1.056174 0.000000
-0.037782 -0.150941 1.076816 0.000000
-0.041139 -0.147185 1.049936 0.000000
-0.047102 -0.152584 1.088347 0.000000
-0.051693 -0.152987 1.091115 0.000000
-0.055137 -0.150200 1.071116 0.000000
-0.059462 -0.150047 1.069895 0.000000
-0.065311 -0.153497 1.094359 0.000000
-0.070730 -0.155560 1.108910 0.000000
-0.074391 -0.153739 1.095770 0.000000
-0.078799 -0.153580 1.094471 0.000000
-0.084851 -0.156470 1.114881 0.000000
-0.090991 -0.159219 1.134271 0.000000
-0.098205 -0.163490 1.164486 0.000000
0.175100 -0.169434 1.167853 0.000000
0.165484 -0.164652 1.135247 0.000000
0.166407 -0.170381 1.175108 0.000000
0.153797 -0.162183 1.118894 0.000000
0.144262 -0.156822 1.082222 0.000000
0.140861 -0.157999 1.090649 0.000000
0.138743 -0.160740 1.109871 0.000000
0.132551 -0.158786 1.096665 0.000000
0.127156 -0.157684 1.089326 0.000000
0.125034 -0.160707 1.110487 0.000000
0.116337 -0.155189 1.072605 0.000000
0.110416 -0.153084 1.058300 0.000000
0.107672 -0.155393 1.074495 0.000000
0.101863 -0.153286 1.060143 0.000000
0.096716 -0.152031 1.051676 0.000000
0.091379 -0.150347 1.040226 0.000000
0.087376 -0.150800 1.043546 0.000000
0.083739 -0.151964 1.051785 0.000000
0.075416 -0.144288 0.998818 0.000000
0.073447 -0.148586 1.028733 0.000000
0.067779 -0.145469 1.007296 0.000000
0.064597 -0.147626 1.022379 0.000000
0.060650 -0.148215 1.026584 0.000000
0.057049 -0.149800 1.037692 0.000000
0.050944 -0.144537 1.001341 0.000000
0.046756 -0.144265 0.999561 0.000000
0.042794 -0.144706 1.002709 0.000000
0.038731 -0.144860 1.003863 0.000000
0.034351 -0.143729 0.996098 0.000000
0.030457 -0.144595 1.002165 0.000000
0.026669 -0.146316 1.014153 0.000000
0.022256 -0.144610 1.002378 0.000000
0.018245 -0.145330 1.007408 0.000000
0.014331 -0.147476 1.022318 0.000000
0.010236 -0.148765 1.031275 0.000000
0.005982 -0.147911 1.025369 0.000000
0.001760 -0.145771 1.010539 0.000000
-0.002405 -0.147628 1.023404 0.000000
-0.006560 -0.146913 1.018437 0.000000
-0.011030 -0.151052 1.047104 0.000000
-0.015401 -0.151905 1.052988 0.000000
-0.019339 -0.149046 1.033125 0.000000
-0.023386 -0.147898 1.025122 0.000000
-0.028672 -0.153745 1.065584 0.000000
-0.033215 -0.154593 1.071395 0.000000
-0.037703 -0.155013 1.074219 0.000000
-0.042446 -0.156287 1.082958 0.000000
-0.046363 -0.154563 1.070911 0.000000
-0.051071 -0.155549 1.077635 0.000000
-0.055632 -0.155963 1.080384 0.000000
-0.060820 -0.157945 1.093985 0.000000
-0.064468 -0.155931 1.079897 0.000000
-0.070586 -0.159765 1.106297 0.000000
-0.075914 -0.161458 1.117852 0.000000
-0.082049 -0.164574 1.139254 0.000000
-0.087533 -0.166121 1.149768 0.000000
-0.090729 -0.163388 1.130659 0.000000
-0.098679 -0.169065 1.169733 0.000000
0.171089 -0.170243 1.140746 0.000000
0.162012 -0.165764 1.111080 0.000000
0.163169 -0.171799 1.151884 0.000000
0.154427 -0.167461 1.123132 0.000000
0.148798 -0.166335 1.115901 0.000000
0.140568 -0.162137 1.088041 0.000000
0.138214 -0.164662 1.105287 0.000000
0.134532 -0.165725 1.112711 0.000000
0.128153 -0.163422 1.097524 0.000000
0.119685 -0.158189 1.062644 0.000000
0.116625 -0.159979 1.074921 0.000000
0.111617 -0.159133 1.069480 0.000000
0.103202 -0.153161 1.029566 0.000000
0.103538 -0.160220 1.077240 0.000000
0.097051 -0.156880 1.054993 0.000000
0.091094 -0.154123 1.036654 0.000000
0.087434 -0.155174 1.043914 0.000000
0.084815 -0.158276 1.064967 0.000000
0.078076 -0.153610 1.033737 0.000000
0.073144 -0.152166 1.024177 0.000000
0.069819 -0.154092 1.037295 0.000000
0.064828 -0.152352 1.025723 0.000000
0.060632 -0.152370 1.025977 0.000000
0.055621 -0.150187 1.011398 0.000000
0.052187 -0.152256 1.025446 0.000000
0.046466 -0.147430 0.993041 0.000000
0.042318 -0.147149 0.991244 0.000000
0.038872 -0.149508 1.007223 0.000000
0.034239 -0.147318 0.992543 0.000000
0.030568 -0.149235 1.005526 0.000000
0.026219 -0.147923 0.996742 0.000000
0.022118 -0.147784 0.995851 0.000000
0.018203 -0.149111 1.004834 0.000000
0.014174 -0.149996 1.010833 0.000000
0.010135 -0.151468 1.020774 0.000000
0.005951 -0.151324 1.019817 0.000000
0.001751 -0.149124 1.004995 0.000000
-0.002423 -0.152941 1.030712 0.000000
-0.006610 -0.152206 1.025748 0.000000
-0.010767 -0.151617 1.021756 0.000000
-0.015094 -0.153082 1.031595 0.000000
-0.018668 -0.147941 0.996910 0.000000
-0.023538 -0.153072 1.031438 0.000000
-0.028451 -0.156881 1.057043 0.000000
-0.033053 -0.158194 1.065817 0.000000
-0.036860 -0.155837 1.049857 0.000000
-0.041389 -0.156707 1.055630 0.000000
-0.046179 -0.158309 1.066324 0.000000
-0.052744 -0.165191 1.112567 0.000000
-0.054803 -0.157989 1.063939 0.000000
-0.059101 -0.157826 1.062720 0.000000
-0.065807 -0.163676 1.101969 0.000000
-0.072646 -0.169084 1.138219 0.000000
-0.075693 -0.165545 1.114229 0.000000
-0.080108 -0.165230 1.111940 0.000000
-0.088486 -0.172684 1.161910 0.000000
-0.093158 -0.172512 1.160556 0.000000
-0.097405 -0.171607 1.154255 0.000000
0.168400 -0.172183 1.122452 0.000000
0.167388 -0.175983 1.147580 0.000000
0.163677 -0.177081 1.155098 0.000000
0.158155 -0.176228 1.149873 0.000000
0.151108 -0.173571 1.132862 0.000000
0.142555 -0.168958 1.103067 0.000000
0.135229 -0.165544 1.081070 0.000000
0.134256 -0.169940 1.110070 0.000000
0.128804 -0.168777 1.102748 0.000000
0.121200 -0.164605 1.075751 0.000000
0.115844 -0.163286 1.067386 0.000000
0.111790 -0.163771 1.070796 0.000000
0.104948 -0.160042 1.046646 0.000000
0.102183 -0.162480 1.062807 0.000000
0.097476 -0.161907 1.059274 0.000000
0.094011 -0.163440 1.069507 0.000000
0.087326 -0.159252 1.042294 0.000000
0.083220 -0.159579 1.044610 0.000000
0.077681 -0.157043 1.028179 0.000000
0.073828 -0.157818 1.033415 0.000000
0.069799 -0.158291 1.036664 0.000000
0.067117 -0.162077 1.061604 0.000000
0.060440 -0.156070 1.022392 0.000000
0.056310 -0.156238 1.023615 0.000000
0.052875 -0.158514 1.038644 0.000000
0.046822 -0.152652 1.000337 0.000000
0.043065 -0.153871 1.008420 0.000000
0.039395 -0.155692 1.020440 0.000000
0.034434 -0.152237 0.997867 0.000000
0.030649 -0.153754 1.007879 0.000000
0.026367 -0.152858 1.002065 0.000000
0.022243 -0.152715 1.001176 0.000000
0.018341 -0.154380 1.012130 0.000000
0.014252 -0.154988 1.016149 0.000000
0.010111 -0.155294 1.018176 0.000000
0.005868 -0.153336 1.005357 0.000000
0.001782 -0.156052 1.023166 0.000000
-0.002451 -0.158917 1.041948 0.000000
-0.006692 -0.158313 1.037975 0.000000
-0.011077 -0.160272 1.050790 0.000000
-0.015437 -0.160871 1.054690 0.000000
-0.019441 -0.158304 1.037816 0.000000
-0.024164 -0.161464 1.058483 0.000000
-0.027885 -0.157990 1.035647 0.000000
-0.032707 -0.160846 1.054300 0.000000
-0.037093 -0.161138 1.056134 0.000000
-0.041765 -0.162484 1.064866 0.000000
-0.048007 -0.169104 1.108144 0.000000
-0.051512 -0.165774 1.086216 0.000000
-0.055907 -0.165609 1.085011 0.000000
-0.059799 -0.164086 1.074905 0.000000
-0.066497 -0.169944 1.113140 0.000000
-0.070548 -0.168720 1.104969 0.000000
-0.075739 -0.170206 1.114537 0.000000
-0.079944 -0.169431 1.109291 0.000000
-0.087411 -0.175281 1.147402 0.000000
-0.094241 -0.179321 1.173645 0.000000
-0.097794 -0.177036 1.158478 0.000000
0.169622 -0.183111 1.162506 0.000000
0.158775 -0.176383 1.120136 0.000000
0.155145 -0.177509 1.127619 0.000000
0.146098 -0.172314 1.094937 0.000000
0.141246 -0.171895 1.092578 0.000000
0.137642 -0.173016 1.100002 0.000000
0.133030 -0.172902 1.099568 0.000000
0.128766 -0.173250 1.102058 0.000000
0.122824 -0.171282 1.089806 0.000000
0.116663 -0.168849 1.074577 0.000000
0.109397 -0.164561 1.047525 0.000000
0.107382 -0.168144 1.070569 0.000000
0.099410 -0.162308 1.033622 0.000000
0.096089 -0.163881 1.043854 0.000000
0.091127 -0.162674 1.036360 0.000000
0.087052 -0.163010 1.038689 0.000000
0.081469 -0.160408 1.022290 0.000000
0.077211 -0.160278 1.021625 0.000000
0.075425 -0.165556 1.055435 0.000000
0.067919 -0.158157 1.008416 0.000000
0.065164 -0.161579 1.030374 0.000000
0.060888 -0.161443 1.029643 0.000000
0.056185 -0.160069 1.021003 0.000000
0.052608 -0.161942 1.033062 0.000000
0.047593 -0.159328 1.016489 0.000000
0.042293 -0.155165 0.990022 0.000000
0.038620 -0.156724 1.000057 0.000000
0.034662 -0.157355 1.004155 0.000000
0.031210 -0.160769 1.026012 0.000000
0.026827 -0.159695 1.019216 0.000000
0.022214 -0.156608 0.999562 0.000000
0.018514 -0.160019 1.021375 0.000000
0.014109 -0.157548 1.005636 0.000000
0.010059 -0.158635 1.012600 0.000000
0.005975 -0.160341 1.023499 0.000000
0.001786 -0.160652 1.025491 0.000000
-0.002404 -0.160034 1.021538 0.000000
-0.006659 -0.161735 1.032387 0.000000
-0.010887 -0.161733 1.032351 0.000000
-0.015159 -0.162194 1.035262 0.000000
-0.019491 -0.162964 1.040131 0.000000
-0.023796 -0.163267 1.042019 0.000000
-0.028144 -0.163725 1.044876 0.000000
-0.033220 -0.167740 1.070428 0.000000
-0.037013 -0.165099 1.053500 0.000000
-0.042489 -0.169730 1.082957 0.000000
-0.046838 -0.169408 1.080802 0.000000
-0.052340 -0.172952 1.103300 0.000000
-0.056603 -0.172163 1.098146 0.000000
-0.060770 -0.171219 1.091989 0.000000
-0.066419 -0.174294 1.111458 0.000000
-0.071032 -0.174429 1.112166 0.000000
-0.076522 -0.176573 1.125669 0.000000
-0.078785 -0.171448 1.092831 0.000000
-0.088362 -0.181936 1.159491 0.000000
-0.092869 -0.181446 1.156170 0.000000
-0.098764 -0.183582 1.169567 0.000000
0.169428 -0.187677 1.160782 0.000000
0.163441 -0.186307 1.152657 0.000000
0.159137 -0.186830 1.156241 0.000000
0.145401 -0.175969 1.089340 0.000000
0.143356 -0.179018 1.108524 0.000000
0.137355 -0.177163 1.097336 0.000000
0.135599 -0.180844 1.120427 0.000000
0.127466 -0.175979 1.090563 0.000000
0.121570 -0.173960 1.078313 0.000000
0.116201 -0.172571 1.069961 0.000000
0.112544 -0.173715 1.077296 0.000000
0.105575 -0.169631 1.052198 0.000000
0.100136 -0.167762 1.040822 0.000000
0.097689 -0.170961 1.060882 0.000000
0.094992 -0.174001 1.079956 0.000000
0.087933 -0.168958 1.048846 0.000000
0.082778 -0.167241 1.038366 0.000000
0.077039 -0.164095 1.019001 0.000000
0.074346 -0.167448 1.039985 0.000000
0.068961 -0.164775 1.023531 0.000000
0.064583 -0.164320 1.020845 0.000000
0.060753 -0.165291 1.027011 0.000000
0.055679 -0.162771 1.011475 0.000000
0.051688 -0.163263 1.014650 0.000000
0.048179 -0.165500 1.028658 0.000000
0.043376 -0.163293 1.015034 0.000000
0.038875 -0.161878 1.006322 0.000000
0.034719 -0.161731 1.005484 0.000000
0.031020 -0.163964 1.019433 0.000000
0.025961 -0.158576 0.985992 0.000000
0.021921 -0.158584 0.986089 0.000000
0.018329 -0.162559 1.010849 0.000000
0.014104 -0.161612 1.004991 0.000000
0.009957 -0.161140 1.002078 0.000000
0.005927 -0.163207 1.014945 0.000000
0.001808 -0.166860 1.037668 0.000000
-0.002400 -0.163844 1.018908 0.000000
-0.006613 -0.164796 1.024813 0.000000
-0.011009 -0.167810 1.043536 0.000000
-0.015227 -0.167172 1.039534 0.000000
-0.019375 -0.166215 1.033541 0.000000
-0.024083 -0.169543 1.054182 0.000000
-0.028615 -0.170805 1.061971 0.000000
-0.032751 -0.169685 1.054939 0.000000
-0.037523 -0.171739 1.067624 0.000000
-0.042826 -0.175537 1.091141 0.000000
-0.047124 -0.174889 1.087013 0.000000
-0.051530 -0.174716 1.085827 0.000000
-0.056333 -0.175811 1.092511 0.000000
-0.060643 -0.175318 1.089317 0.000000
-0.066577 -0.179266 1.113702 0.000000
-0.070004 -0.176390 1.095687 0.000000
-0.076433 -0.180969 1.123961 0.000000
-0.080111 -0.178884 1.110841 0.000000
-0.088036 -0.185995 1.154809 0.000000
-0.094424 -0.189298 1.175111 0.000000
-0.098236 -0.187367 1.162913 0.000000
0.165902 -0.183273 1.104677 0.000000
0.169518 -0.192555 1.160994 0.000000
0.159925 -0.186938 1.127472 0.000000
0.156396 -0.188284 1.135928 0.000000
0.146400 -0.181687 1.096448 0.000000
0.143439 -0.183678 1.108773 0.000000
0.137313 -0.181615 1.096614 0.000000
0.133778 -0.182955 1.104995 0.000000
0.128000 -0.181212 1.094745 0.000000
0.122196 -0.179304 1.083487 0.000000
0.115632 -0.176096 1.064352 0.000000
0.110971 -0.175645 1.061866 0.000000
0.108794 -0.179251 1.083905 0.000000
0.101523 -0.174413 1.054869 0.000000
0.099016 -0.177693 1.074922 0.000000
0.092627 -0.173987 1.052706 0.000000
0.087329 -0.172066 1.041272 0.000000
0.082517 -0.170955 1.034732 0.000000
0.077461 -0.169193 1.024234 0.000000
0.073971 -0.170842 1.034380 0.000000
0.068474 -0.167776 1.015966 0.000000
0.064750 -0.168936 1.023127 0.000000
0.060617 -0.169118 1.024365 0.000000
0.055770 -0.167185 1.012780 0.000000
0.052073 -0.168666 1.021865 0.000000
0.047101 -0.165917 1.005312 0.000000
0.042814 -0.165281 1.001551 0.000000
0.038786 -0.165620 1.003688 0.000000
0.034571 -0.165143 1.000878 0.000000
0.030170 -0.163527 0.991148 0.000000
0.026835 -0.168092 1.018879 0.000000
0.022287 -0.165334 1.002210 0.000000
0.018215 -0.165667 1.004264 0.000000
0.014072 -0.165347 1.002356 0.000000
0.010199 -0.169257 1.026084 0.000000
0.005959 -0.168284 1.020197 0.000000
0.001846 -0.174795 1.059679 0.000000
-0.002365 -0.165519 1.003438 0.000000
-0.006675 -0.170564 1.034006 0.000000
-0.011142 -0.174142 1.055675 0.000000
-0.015440 -0.173813 1.053648 0.000000
-0.019092 -0.167950 1.018063 0.000000
-0.023941 -0.172826 1.047570 0.000000
-0.028633 -0.175259 1.062259 0.000000
-0.033415 -0.177528 1.075941 0.000000
-0.037547 -0.176216 1.067908 0.000000
-0.042852 -0.180109 1.091409 0.000000
-0.047068 -0.179120 1.085312 0.000000
-0.051421 -0.178780 1.083141 0.000000
-0.054893 -0.175674 1.064202 0.000000
-0.061393 -0.182000 1.102392 0.000000
-0.067323 -0.185884 1.125773 0.000000
-0.072060 -0.186188 1.127460 0.000000
-0.077549 -0.188280 1.139957 0.000000
-0.080371 -0.184029 1.114046 0.000000
-0.088385 -0.191481 1.158968 0.000000
-0.092103 -0.189341 1.145815 0.000000
-0.096130 -0.188012 1.137567 0.000000
0.169321 -0.197105 1.159234 0.000000
0.163754 -0.196163 1.154049 0.000000
0.159441 -0.196713 1.157630 0.000000
0.146876 -0.186801 1.099617 0.000000
0.141368 -0.185519 1.092377 0.000000
0.137024 -0.185730 1.093916 0.000000
0.135158 -0.189429 1.115997 0.000000
0.131167 -0.190303 1.121430 0.000000
0.120609 -0.181367 1.069037 0.000000
0.120496 -0.188057 1.108727 0.000000
0.112781 -0.182939 1.078802 0.000000
0.106691 -0.180147 1.062569 0.000000
0.104609 -0.184174 1.086548 0.000000
0.097537 -0.179381 1.058486 0.000000
0.093203 -0.179412 1.058871 0.000000
0.089939 -0.181606 1.072013 0.000000
0.083980 -0.178305 1.052709 0.000000
0.077883 -0.174335 1.029442 0.000000
0.074581 -0.176524 1.042534 0.000000
0.070442 -0.176881 1.044794 0.000000
0.066037 -0.176570 1.043102 0.000000
0.060539 -0.173093 1.022690 0.000000
0.055644 -0.170946 1.010127 0.000000
0.051655 -0.171463 1.013298 0.000000
0.047825 -0.172646 1.020393 0.000000
0.043011 -0.170161 1.005801 0.000000
0.038964 -0.170508 1.007937 0.000000
0.034526 -0.169020 0.999218 0.000000
0.031270 -0.173699 1.026945 0.000000
0.026437 -0.169708 1.003406 0.000000
0.022520 -0.171216 1.012377 0.000000
0.018477 -0.172224 1.018374 0.000000
0.014108 -0.169895 1.004638 0.000000
0.010332 -0.175735 1.039195 0.000000
0.005945 -0.172071 1.017536 0.000000
0.001804 -0.175074 1.035300 0.000000
-0.002430 -0.174240 1.030369 0.000000
-0.006667 -0.174573 1.032322 0.000000
-0.010806 -0.173070 1.023413 0.000000
-0.015335 -0.176902 1.046036 0.000000
-0.019531 -0.176063 1.041036 0.000000
-0.023867 -0.176557 1.043906 0.000000
-0.028465 -0.178550 1.055628 0.000000
-0.033436 -0.182042 1.076200 0.000000
-0.037432 -0.180031 1.064231 0.000000
-0.041717 -0.179686 1.062100 0.000000
-0.047353 -0.184673 1.091475 0.000000
-0.052154 -0.185824 1.098169 0.000000
-0.056452 -0.185141 1.094010 0.000000
-0.061704 -0.187456 1.107555 0.000000
-0.066301 -0.187603 1.108280 0.000000
-0.071912 -0.190414 1.124731 0.000000
-0.076052 -0.189225 1.117545 0.000000
-0.083044 -0.194864 1.150666 0.000000
-0.088358 -0.196169 1.158186 0.000000
-0.095157 -0.200471 1.183373 0.000000
-0.099340 -0.199108 1.175118 0.000000
0.164707 -0.196376 1.127229 0.000000
0.157745 -0.193540 1.111296 0.000000
0.155219 -0.196141 1.126566 0.000000
0.153223 -0.199592 1.146718 0.000000
0.145118 -0.195050 1.120939 0.000000
0.140042 -0.194417 1.117604 0.000000
0.134522 -0.193102 1.110334 0.000000
0.129177 -0.191954 1.104016 0.000000
0.121896 -0.187741 1.080048 0.000000
0.118434 -0.189312 1.089348 0.000000
0.112949 -0.187648 1.080016 0.000000
0.106853 -0.184789 1.063795 0.000000
0.101552 -0.183121 1.054409 0.000000
0.096782 -0.182302 1.049904 0.000000
0.091098 -0.179607 1.034581 0.000000
0.087272 -0.180488 1.039850 0.000000
0.082698 -0.179835 1.036265 0.000000
0.080683 -0.184976 1.066067 0.000000
0.073642 -0.178523 1.029036 0.000000
0.071414 -0.183663 1.058819 0.000000
0.065828 -0.180275 1.039431 0.000000
0.060694 -0.177737 1.024934 0.000000
0.055408 -0.174345 1.005494 0.000000
0.052440 -0.178287 1.028343 0.000000
0.047163 -0.174380 1.005908 0.000000
0.043122 -0.174736 1.008059 0.000000
0.039103 -0.175262 1.011179 0.000000
0.034650 -0.173739 1.002466 0.000000
0.030839 -0.175457 1.012447 0.000000
0.026999 -0.177515 1.024383 0.000000
0.022250 -0.173256 0.999856 0.000000
0.018596 -0.177531 1.024567 0.000000
0.014145 -0.174464 1.006899 0.000000
0.010152 -0.176859 1.020742 0.000000
0.005896 -0.174813 1.008951 0.000000
0.001809 -0.179937 1.038526 0.000000
-0.002427 -0.178230 1.028671 0.000000
-0.006608 -0.177205 1.022741 0.000000
-0.010918 -0.179081 1.033543 0.000000
-0.015085 -0.178223 1.028564 0.000000
-0.019562 -0.180608 1.042287 0.000000
-0.024333 -0.184357 1.063870 0.000000
-0.028776 -0.184862 1.066718 0.000000
-0.032875 -0.183316 1.057729 0.000000
-0.036970 -0.182111 1.050694 0.000000
-0.041782 -0.184317 1.063335 0.000000
-0.047339 -0.189082 1.090720 0.000000
-0.052606 -0.191967 1.107252 0.000000
-0.055724 -0.187173 1.079477 0.000000
-0.061520 -0.191420 1.103838 0.000000
-0.064574 -0.187135 1.078990 0.000000
-0.071576 -0.194108 1.119037 0.000000
-0.075694 -0.192891 1.111856 0.000000
-0.080748 -0.194060 1.118421 0.000000
-0.085856 -0.195227 1.124962 0.000000
-0.093152 -0.200995 1.158000 0.000000
-0.099392 -0.204033 1.175287 0.000000
0.170064 -0.207557 1.163458 0.000000
0.165861 -0.208309 1.168033 0.000000
0.162294 -0.209929 1.177472 0.000000
0.147432 -0.196588 1.102958 0.000000
0.142540 -0.196115 1.100614 0.000000
0.137914 -0.195988 1.100202 0.000000
0.136254 -0.200212 1.124211 0.000000
0.133484 -0.203043 1.140400 0.000000
0.123733 -0.195076 1.095918 0.000000
0.116584 -0.190762 1.071934 0.000000
0.113219 -0.192543 1.082189 0.000000
0.108196 -0.191535 1.076759 0.000000
0.102085 -0.188433 1.059544 0.000000
0.098829 -0.190559 1.071713 0.000000
0.093833 -0.189371 1.065237 0.000000
0.090373 -0.191320 1.076401 0.000000
0.082044 -0.182629 1.027679 0.000000
0.079467 -0.186494 1.049603 0.000000
0.075797 -0.188091 1.058754 0.000000
0.070926 -0.186720 1.051192 0.000000
0.065370 -0.183253 1.031816 0.000000
0.060965 -0.182751 1.029123 0.000000
0.056582 -0.182247 1.026411 0.000000
0.051620 -0.179647 1.011881 0.000000
0.046916 -0.177569 1.000278 0.000000
0.043066 -0.178632 1.006362 0.000000
0.038938 -0.178647 1.006528 0.000000
0.035251 -0.180930 1.019469 0.000000
0.030919 -0.180068 1.014682 0.000000
0.026704 -0.179729 1.012830 0.000000
0.022088 -0.176070 0.992258 0.000000
0.018661 -0.182365 1.027779 0.000000
0.014208 -0.179402 1.011109 0.000000
0.010207 -0.182027 1.025927 0.000000
0.005957 -0.180807 1.019067 0.000000
0.001762 -0.179412 1.011206 0.000000
-0.002420 -0.181858 1.024989 0.000000
-0.006728 -0.184652 1.040724 0.000000
-0.011092 -0.186222 1.049550 0.000000
-0.015745 -0.190411 1.073124 0.000000
-0.019852 -0.187611 1.057300 0.000000
-0.023785 -0.184460 1.039492 0.000000
-0.028369 -0.186548 1.051199 0.000000
-0.033232 -0.189683 1.068790 0.000000
-0.037513 -0.189148 1.065695 0.000000
-0.042388 -0.191406 1.078324 0.000000
-0.047580 -0.194535 1.095850 0.000000
-0.053150 -0.198535 1.118270 0.000000
-0.055655 -0.191359 1.077729 0.000000
-0.061227 -0.195007 1.098141 0.000000
-0.066319 -0.196732 1.107713 0.000000
-0.075137 -0.208579 1.174255 0.000000
-0.075336 -0.196512 1.106157 0.000000
-0.079800 -0.196312 1.104861 0.000000
-0.089202 -0.207627 1.168347 0.000000
-0.095018 -0.209865 1.180736 0.000000
-0.100273 -0.210705 1.185248 0.000000
0.170861 -0.213345 1.168457 0.000000
0.163452 -0.210024 1.150624 0.000000
0.159685 -0.211325 1.158096 0.000000
0.148294 -0.202305 1.108986 0.000000
0.145020 -0.204135 1.119333 0.000000
0.135908 -0.197597 1.083782 0.000000
0.134787 -0.202629 1.111673 0.000000
0.130463 -0.203031 1.114162 0.000000
0.123802 -0.199691 1.096101 0.000000
0.118567 -0.198486 1.089744 0.000000
0.114614 -0.199417 1.095106 0.000000
0.106879 -0.193574 1.063251 0.000000
0.103277 -0.195036 1.071509 0.000000
0.097620 -0.192575 1.058199 0.000000
0.092678 -0.191360 1.051723 0.000000
0.087460 -0.189429 1.041303 0.000000
0.084992 -0.193562 1.064206 0.000000
0.078027 -0.187346 1.030201 0.000000
0.074716 -0.189692 1.043266 0.000000
0.070106 -0.188825 1.038650 0.000000
0.065784 -0.188670 1.037943 0.000000
0.059838 -0.183515 1.009716 0.000000
0.056508 -0.186214 1.024686 0.000000
0.052053 -0.185340 1.019992 0.000000
0.048006 -0.185893 1.023142 0.000000
0.042419 -0.180016 0.990888 0.000000
0.038886 -0.182531 1.004816 0.000000
0.034354 -0.180401 0.993164 0.000000
0.030638 -0.182556 1.005096 0.000000
0.026383 -0.181673 1.000294 0.000000
0.022102 -0.180253 0.992523 0.000000
0.018707 -0.187049 1.029986 0.000000
0.014175 -0.183125 1.008409 0.000000
0.010163 -0.185452 1.021248 0.000000
0.005971 -0.185456 1.021281 0.000000
0.001813 -0.189031 1.040974 0.000000
-0.002429 -0.186709 1.028182 0.000000
-0.006777 -0.190281 1.047842 0.000000
-0.011089 -0.190458 1.048789 0.000000
-0.015177 -0.187774 1.033978 0.000000
-0.019569 -0.189198 1.041778 0.000000
-0.023935 -0.189906 1.045625 0.000000
-0.028466 -0.191506 1.054371 0.000000
-0.033650 -0.196498 1.081784 0.000000
-0.038332 -0.197737 1.088522 0.000000
-0.041910 -0.193616 1.065745 0.000000
-0.047266 -0.197709 1.088176 0.000000
-0.051825 -0.198050 1.089941 0.000000
-0.056297 -0.198033 1.089722 0.000000
-0.062139 -0.202477 1.114046 0.000000
-0.066297 -0.201206 1.106910 0.000000
-0.071530 -0.203147 1.117434 0.000000
-0.073840 -0.197054 1.083759 0.000000
-0.082256 -0.207024 1.138409 0.000000
-0.088199 -0.210029 1.154746 0.000000
-0.093171 -0.210535 1.157322 0.000000
-0.102149 -0.219601 1.206939 0.000000
0.171798 -0.219357 1.174401 0.000000
0.163948 -0.215417 1.153664 0.000000
0.161914 -0.219111 1.173797 0.000000
0.147852 -0.206254 1.105240 0.000000
0.142947 -0.205759 1.102901 0.000000
0.141368 -0.210176 1.126883 0.000000
0.135568 -0.208405 1.117682 0.000000
0.128816 -0.204993 1.099664 0.000000
0.125083 -0.206312 1.107013 0.000000
0.116610 -0.199617 1.071341 0.000000
0.112629 -0.200386 1.075714 0.000000
0.107432 -0.198968 1.068332 0.000000
0.102958 -0.198823 1.067778 0.000000
0.098128 -0.197947 1.063289 0.000000
0.091523 -0.193241 1.038211 0.000000
0.089570 -0.198378 1.066005 0.000000
0.083475 -0.194397 1.044796 0.000000
0.077406 -0.190049 1.021594 0.000000
0.075533 -0.196095 1.054261 0.000000
0.070280 -0.193567 1.040823 0.000000
0.065138 -0.191037 1.027361 0.000000
0.061155 -0.191789 1.031541 0.000000
0.055892 -0.188343 1.013127 0.000000
0.052436 -0.190918 1.027092 0.000000
0.047759 -0.189110 1.017473 0.000000
0.043877 -0.190405 1.024534 0.000000
0.038834 -0.186403 1.003089 0.000000
0.034988 -0.187878 1.011098 0.000000
0.030477 -0.185698 0.999438 0.000000
0.026555 -0.186987 1.006433 0.000000
0.022094 -0.184257 0.991787 0.000000
0.018539 -0.189561 1.020376 0.000000
0.014184 -0.187376 1.008645 0.000000
0.010189 -0.190120 1.023441 0.000000
0.006078 -0.193046 1.039204 0.000000
0.001802 -0.192134 1.034304 0.000000
-0.002406 -0.189030 1.017589 0.000000
-0.006725 -0.193047 1.039200 0.000000
-0.011117 -0.195237 1.050961 0.000000
-0.015331 -0.193954 1.044026 0.000000
-0.019157 -0.189383 1.019380 0.000000
-0.024108 -0.195586 1.052714 0.000000
-0.029015 -0.199595 1.074229 0.000000
-0.033364 -0.199219 1.072138 0.000000
-0.038528 -0.203225 1.093611 0.000000
-0.042051 -0.198647 1.068885 0.000000
-0.047891 -0.204840 1.102103 0.000000
-0.052649 -0.205736 1.106811 0.000000
-0.055518 -0.199694 1.074186 0.000000
-0.061680 -0.205515 1.105366 0.000000
-0.068451 -0.212429 1.142403 0.000000
-0.071192 -0.206748 1.111700 0.000000
-0.077292 -0.210920 1.133964 0.000000
-0.083788 -0.215636 1.159140 0.000000
-0.088694 -0.215972 1.160752 0.000000
-0.095114 -0.219771 1.180965 0.000000
-0.101949 -0.224115 1.204085 0.000000
0.171168 -0.223377 1.169621 0.000000
0.166794 -0.223995 1.173219 0.000000
0.156080 -0.215879 1.131052 0.000000
0.152361 -0.217236 1.138488 0.000000
0.144033 -0.211899 1.110834 0.000000
0.137892 -0.209533 1.098731 0.000000
0.134100 -0.210698 1.105130 0.000000
0.128885 -0.209630 1.099806 0.000000
0.123714 -0.208559 1.094458 0.000000
0.115930 -0.202834 1.064668 0.000000
0.110951 -0.201759 1.059264 0.000000
0.106410 -0.201426 1.057747 0.000000
0.102261 -0.201836 1.060123 0.000000
0.097370 -0.200755 1.054657 0.000000
0.093389 -0.201534 1.058955 0.000000
0.088303 -0.199890 1.050512 0.000000
0.082975 -0.197500 1.038128 0.000000
0.078566 -0.197156 1.036494 0.000000
0.075085 -0.199234 1.047583 0.000000
0.070255 -0.197769 1.040035 0.000000
0.066607 -0.199659 1.050115 0.000000
0.061075 -0.195767 1.029779 0.000000
0.056305 -0.193924 1.020208 0.000000
0.051314 -0.190960 1.004727 0.000000
0.047649 -0.192843 1.014740 0.000000
0.043272 -0.191927 1.010016 0.000000
0.039238 -0.192502 1.013128 0.000000
0.035111 -0.192702 1.014259 0.000000
0.030705 -0.191222 1.006537 0.000000
0.026856 -0.193285 1.017455 0.000000
0.022261 -0.189750 0.998894 0.000000
0.018300 -0.191250 1.006833 0.000000
0.014233 -0.192190 1.011811 0.000000
0.010116 -0.192941 1.015789 0.000000
0.005983 -0.194251 1.022698 0.000000
0.001778 -0.193880 1.020749 0.000000
-0.002450 -0.196679 1.035484 0.000000
-0.006659 -0.195372 1.028589 0.000000
-0.010989 -0.197236 1.038377 0.000000
-0.015442 -0.199658 1.051094 0.000000
-0.019465 -0.196667 1.035306 0.000000
-0.023560 -0.195354 1.028344 0.000000
-0.028554 -0.200756 1.056720 0.000000
-0.033017 -0.201492 1.060524 0.000000
-0.037892 -0.204279 1.075109 0.000000
-0.042424 -0.204825 1.077892 0.000000
-0.048259 -0.210965 1.110102 0.000000
-0.052164 -0.208337 1.096159 0.000000
-0.056920 -0.209251 1.100844 0.000000
-0.061221 -0.208485 1.096681 0.000000
-0.066547 -0.211074 1.110155 0.000000
-0.071231 -0.211423 1.111838 0.000000
-0.076397 -0.213075 1.120362 0.000000
-0.082838 -0.217895 1.145522 0.000000
-0.089263 -0.222152 1.167709 0.000000
-0.093976 -0.221934 1.166360 0.000000
-0.100753 -0.226372 1.189466 0.000000
0.170394 -0.227170 1.163857 0.000000
0.166319 -0.228180 1.169393 0.000000
0.160052 -0.226154 1.159354 0.000000
0.151133 -0.220139 1.128848 0.000000
0.146507 -0.220194 1.129447 0.000000
0.142367 -0.221006 1.133924 0.000000
0.132040 -0.211942 1.087705 0.000000
0.128037 -0.212750 1.092128 0.000000
0.121794 -0.209756 1.077026 0.000000
0.118121 -0.211130 1.084340 0.000000
0.113161 -0.210223 1.079924 0.000000
0.107551 -0.207982 1.068650 0.000000
0.101941 -0.205549 1.056370 0.000000
0.099141 -0.208819 1.073392 0.000000
0.091974 -0.202768 1.042488 0.000000
0.088600 -0.204894 1.053612 0.000000
0.083962 -0.204165 1.050046 0.000000
0.078018 -0.200009 1.028839 0.000000
0.073934 -0.200418 1.031104 0.000000
0.072016 -0.207107 1.065676 0.000000
0.065029 -0.199137 1.024808 0.000000
0.061924 -0.202778 1.043682 0.000000
0.056501 -0.198801 1.023338 0.000000
0.051446 -0.195584 1.006891 0.000000
0.047401 -0.195984 1.009051 0.000000
0.043003 -0.194858 1.003349 0.000000
0.039755 -0.199255 1.026077 0.000000
0.035063 -0.196602 1.012493 0.000000
0.030843 -0.196234 1.010664 0.000000
0.026846 -0.197388 1.016668 0.000000
0.022558 -0.196445 1.011860 0.000000
0.018257 -0.194929 1.004091 0.000000
0.014393 -0.198556 1.022806 0.000000
0.010366 -0.201991 1.040525 0.000000
0.006020 -0.199708 1.028778 0.000000
0.001809 -0.201616 1.038611 0.000000
-0.002459 -0.201616 1.038609 0.000000
-0.006861 -0.205617 1.059205 0.000000
-0.011121 -0.203900 1.050334 0.000000
-0.015539 -0.205229 1.057151 0.000000
-0.019477 -0.201032 1.035486 0.000000
-0.024160 -0.204645 1.054046 0.000000
-0.028863 -0.207304 1.067678 0.000000
-0.033770 -0.210532 1.084233 0.000000
-0.037188 -0.204804 1.054655 0.000000
-0.042719 -0.210696 1.084905 0.000000
-0.047048 -0.210110 1.081781 0.000000
-0.053314 -0.217521 1.119824 0.000000
-0.056849 -0.213502 1.099011 0.000000
-0.061255 -0.213101 1.096812 0.000000
-0.067347 -0.218220 1.123014 0.000000
-0.072525 -0.219909 1.131550 0.000000
-0.076838 -0.218931 1.126350 0.000000
-0.082101 -0.220616 1.134843 0.000000
-0.088483 -0.224964 1.157016 0.000000
-0.095285 -0.229879 1.182091 0.000000
-0.100304 -0.230225 1.183653 0.000000
0.170331 -0.231887 1.162936 0.000000
0.167087 -0.234080 1.174295 0.000000
0.162543 -0.234529 1.176901 0.000000
0.151207 -0.224903 1.128927 0.000000
0.145948 -0.223990 1.124662 0.000000
0.137913 -0.218618 1.097985 0.000000
0.133646 -0.219056 1.100479 0.000000
0.131418 -0.222984 1.120494 0.000000
0.122521 -0.215469 1.082997 0.000000
0.117652 -0.214738 1.079581 0.000000
0.114858 -0.217886 1.095656 0.000000
0.109378 -0.215988 1.086349 0.000000
0.102091 -0.210205 1.057488 0.000000
0.098291 -0.211408 1.063751 0.000000
0.094614 -0.212997 1.071956 0.000000
0.089718 -0.211867 1.066463 0.000000
0.082992 -0.206073 1.037481 0.000000
0.079176 -0.207269 1.043676 0.000000
0.075310 -0.208464 1.049857 0.000000
0.071394 -0.209658 1.056024 0.000000
0.065315 -0.204243 1.028893 0.000000
0.061029 -0.204073 1.028168 0.000000
0.056858 -0.204289 1.029385 0.000000
0.051927 -0.201589 1.015891 0.000000
0.047982 -0.202580 1.020991 0.000000
0.043071 -0.199292 1.004516 0.000000
0.039322 -0.201253 1.014483 0.000000
0.034778 -0.199128 1.003850 0.000000
0.030711 -0.199530 1.005943 0.000000
0.026291 -0.197402 0.995272 0.000000
0.022418 -0.199356 1.005176 0.000000
0.018482 -0.201504 1.016047 0.000000
0.014111 -0.198788 1.002381 0.000000
0.010430 -0.207546 1.046568 0.000000
0.005937 -0.201131 1.014232 0.000000
0.001803 -0.205218 1.034847 0.000000
-0.002438 -0.204051 1.028960 0.000000
-0.006599 -0.201911 1.018152 0.000000
-0.011128 -0.208327 1.050484 0.000000
-0.015433 -0.208129 1.049450 0.000000
-0.019545 -0.205983 1.038590 0.000000
-0.024669 -0.213367 1.075767 0.000000
-0.028588 -0.209662 1.057028 0.000000
-0.033697 -0.214514 1.081414 0.000000
-0.038247 -0.215085 1.084210 0.000000
-0.041661 -0.209820 1.057582 0.000000
-0.047458 -0.216416 1.090725 0.000000
-0.052688 -0.219509 1.106201 0.000000
-0.056069 -0.215018 1.083448 0.000000
-0.061014 -0.216747 1.092027 0.000000
-0.066912 -0.221390 1.115271 0.000000
-0.072499 -0.224474 1.130655 0.000000
-0.075809 -0.220561 1.110779 0.000000
-0.080939 -0.222088 1.118291 0.000000
-0.088452 -0.229634 1.156101 0.000000
-0.095251 -0.234652 1.181156 0.000000
-0.099274 -0.232675 1.170987 0.000000
0.171404 -0.238178 1.169756 0.000000
0.165642 -0.236860 1.163641 0.000000
0.161005 -0.237120 1.165269 0.000000
0.153753 -0.233426 1.147446 0.000000
0.145514 -0.227948 1.120836 0.000000
0.140549 -0.227410 1.118495 0.000000
0.136670 -0.228650 1.124890 0.000000
0.129655 -0.224547 1.104986 0.000000
0.125340 -0.224991 1.107447 0.000000
0.118776 -0.221278 1.089428 0.000000
0.115019 -0.222709 1.096721 0.000000
0.109730 -0.221168 1.089373 0.000000
0.104974 -0.220615 1.086879 0.000000
0.097171 -0.213326 1.051180 0.000000
0.094405 -0.216928 1.069137 0.000000
0.088780 -0.213992 1.054858 0.000000
0.083429 -0.211449 1.042506 0.000000
0.079962 -0.213661 1.053584 0.000000
0.076895 -0.217259 1.071495 0.000000
0.071763 -0.215107 1.061039 0.000000
0.065911 -0.210375 1.037843 0.000000
0.061819 -0.210995 1.041036 0.000000
0.057593 -0.211216 1.042255 0.000000
0.053308 -0.211238 1.042479 0.000000
0.046674 -0.201141 0.992754 0.000000
0.043684 -0.206317 1.018393 0.000000
0.039383 -0.205738 1.015623 0.000000
0.034934 -0.204166 1.007937 0.000000
0.031028 -0.205766 1.015907 0.000000
0.026488 -0.203000 1.002307 0.000000
0.022671 -0.205788 1.016123 0.000000
0.018617 -0.207185 1.023066 0.000000
0.014478 -0.208185 1.028032 0.000000
0.010259 -0.208389 1.029062 0.000000
0.006043 -0.208988 1.032035 0.000000
0.001822 -0.211769 1.045772 0.000000
-0.002466 -0.210578 1.039890 0.000000
-0.006820 -0.212959 1.051633 0.000000
-0.011114 -0.212361 1.048656 0.000000
-0.015413 -0.212158 1.047622 0.000000
-0.019649 -0.211359 1.043631 0.000000
-0.024818 -0.219091 1.081757 0.000000
-0.028790 -0.215510 1.064013 0.000000
-0.033258 -0.216094 1.066826 0.000000
-0.038199 -0.219256 1.082355 0.000000
-0.042689 -0.219440 1.083171 0.000000
-0.048038 -0.223590 1.103553 0.000000
-0.052670 -0.223969 1.105308 0.000000
-0.056606 -0.221569 1.093340 0.000000
-0.059953 -0.217382 1.072551 0.000000
-0.068004 -0.229655 1.132960 0.000000
-0.072536 -0.229233 1.130720 0.000000
-0.077384 -0.229801 1.133351 0.000000
-0.084662 -0.237107 1.169200 0.000000
-0.090065 -0.238661 1.176667 0.000000
-0.094743 -0.238230 1.174340 0.000000
-0.100397 -0.240176 1.183714 0.000000
0.170343 -0.241506 1.162007 0.000000
0.167097 -0.243788 1.173348 0.000000
0.162016 -0.243449 1.172070 0.000000
0.150961 -0.233835 1.126114 0.000000
0.147728 -0.236111 1.137396 0.000000
0.139518 -0.230320 1.109798 0.000000
0.134726 -0.229970 1.108405 0.000000
0.130861 -0.231232 1.114775 0.000000
0.124080 -0.227246 1.095828 0.000000
0.116181 -0.220834 1.065162 0.000000
0.113850 -0.224917 1.085102 0.000000
0.106643 -0.219307 1.058266 0.000000
0.103049 -0.220963 1.066486 0.000000
0.098396 -0.220397 1.063966 0.000000
0.093765 -0.219829 1.061427 0.000000
0.086938 -0.213802 1.032519 0.000000
0.084569 -0.218686 1.056290 0.000000
0.079337 -0.216293 1.044903 0.000000
0.075462 -0.217536 1.051075 0.000000
0.070479 -0.215543 1.041600 0.000000
0.066506 -0.216581 1.046762 0.000000
0.061040 -0.212562 1.027469 0.000000
0.056111 -0.209956 1.014995 0.000000
0.052537 -0.212405 1.026949 0.000000
0.048174 -0.211818 1.024217 0.000000
0.043037 -0.207385 1.002878 0.000000
0.039443 -0.210235 1.016743 0.000000
0.035599 -0.212273 1.026681 0.000000
0.031405 -0.212489 1.027795 0.000000
0.026503 -0.207239 1.002460 0.000000
0.022465 -0.208059 1.006474 0.000000
0.018235 -0.207056 1.001661 0.000000
0.014678 -0.215361 1.041873 0.000000
0.010293 -0.213343 1.032131 0.000000
0.006097 -0.215168 1.040978 0.000000
0.001797 -0.213147 1.031200 0.000000
-0.002445 -0.212945 1.030220 0.000000
-0.006729 -0.214361 1.037056 0.000000
-0.011069 -0.215775 1.043875 0.000000
-0.015538 -0.218200 1.055572 0.000000
-0.019863 -0.217991 1.054521 0.000000
-0.024068 -0.216769 1.048558 0.000000
-0.029151 -0.222629 1.076841 0.000000
-0.033826 -0.224237 1.084545 0.000000
-0.037805 -0.221391 1.070697 0.000000
-0.042558 -0.223197 1.079343 0.000000
-0.048149 -0.228644 1.105578 0.000000
-0.053490 -0.232065 1.122004 0.000000
-0.057244 -0.228605 1.105153 0.000000
-0.060314 -0.223122 1.078512 0.000000
-0.067744 -0.233414 1.128116 0.000000
-0.073513 -0.237028 1.145425 0.000000
-0.077222 -0.233967 1.130462 0.000000
-0.083357 -0.238183 1.150654 0.000000
-0.089359 -0.241588 1.166908 0.000000
-0.094630 -0.242766 1.172395 0.000000
-0.099449 -0.242730 1.172004 0.000000
0.174252 -0.251960 1.188142 0.000000
0.161509 -0.240320 1.133605 0.000000
0.160343 -0.245726 1.159450 0.000000
0.153504 -0.242500 1.144566 0.000000
0.146157 -0.238244 1.124793 0.000000
0.139096 -0.234189 1.105952 0.000000
0.135027 -0.235066 1.110388 0.000000
0.128298 -0.231211 1.092455 0.000000
0.124031 -0.231673 1.094906 0.000000
0.117515 -0.227811 1.076913 0.000000
0.116768 -0.235267 1.112413 0.000000
0.109644 -0.229960 1.087559 0.000000
0.106586 -0.233092 1.102602 0.000000
0.099349 -0.226955 1.073790 0.000000
0.094245 -0.225346 1.066383 0.000000
0.089285 -0.223941 1.059928 0.000000
0.084848 -0.223770 1.059303 0.000000
0.079676 -0.221536 1.048903 0.000000
0.075993 -0.223422 1.058000 0.000000
0.070914 -0.221185 1.047558 0.000000
0.066169 -0.219769 1.040999 0.000000
0.061306 -0.217733 1.031489 0.000000
0.057764 -0.220438 1.044429 0.000000
0.051265 -0.211386 1.001655 0.000000
0.049581 -0.222338 1.053656 0.000000
0.043565 -0.214106 1.014744 0.000000
0.039654 -0.215567 1.021755 0.000000
0.035245 -0.214345 1.016039 0.000000
0.031481 -0.217247 1.029865 0.000000
0.026052 -0.207768 0.984989 0.000000
0.022543 -0.212937 1.009541 0.000000
0.018637 -0.215835 1.023320 0.000000
0.014672 -0.219556 1.040998 0.000000
0.010083 -0.213165 1.010717 0.000000
0.006054 -0.217915 1.033253 0.000000
0.001821 -0.220394 1.045011 0.000000
-0.002468 -0.219156 1.039138 0.000000
-0.006803 -0.221012 1.047926 0.000000
-0.011408 -0.226788 1.075285 0.000000
-0.015547 -0.222656 1.055663 0.000000
-0.019691 -0.220380 1.044830 0.000000
-0.024262 -0.222848 1.056480 0.000000
-0.029167 -0.227172 1.076914 0.000000
-0.032838 -0.222002 1.052337 0.000000
-0.038586 -0.230448 1.092288 0.000000
-0.042041 -0.224863 1.065725 0.000000
-0.048940 -0.237017 1.123222 0.000000
-0.052398 -0.231841 1.098581 0.000000
-0.057932 -0.235946 1.117904 0.000000
-0.062697 -0.236542 1.120592 0.000000
-0.069186 -0.243116 1.151585 0.000000
-0.073172 -0.240614 1.139579 0.000000
-0.077727 -0.240173 1.137322 0.000000
-0.080496 -0.234577 1.110648 0.000000
-0.089699 -0.247324 1.170805 0.000000
-0.093019 -0.243373 1.151902 0.000000
-0.100819 -0.250961 1.187594 0.000000
0.167794 -0.247351 1.143585 0.000000
0.157995 -0.239673 1.108431 0.000000
0.162423 -0.253765 1.173953 0.000000
0.151361 -0.243777 1.128077 0.000000
0.148745 -0.247190 1.144191 0.000000
0.137942 -0.236772 1.096271 0.000000
0.135327 -0.240181 1.112347 0.000000
0.130072 -0.238977 1.107055 0.000000
0.123320 -0.234836 1.088138 0.000000
0.116937 -0.231110 1.071129 0.000000
0.114576 -0.235352 1.091039 0.000000
0.106558 -0.227845 1.056470 0.000000
0.105320 -0.234812 1.089005 0.000000
0.097687 -0.227509 1.055345 0.000000
0.095671 -0.233215 1.082025 0.000000
0.086622 -0.221496 1.027843 0.000000
0.083408 -0.224261 1.040853 0.000000
0.078385 -0.222194 1.031431 0.000000
0.075682 -0.226846 1.053192 0.000000
0.070356 -0.223725 1.038856 0.000000
0.066018 -0.223543 1.038155 0.000000
0.060932 -0.220628 1.024749 0.000000
0.057038 -0.221913 1.030843 0.000000
0.052344 -0.220044 1.022277 0.000000
0.047721 -0.218173 1.013690 0.000000
0.042499 -0.212937 0.989455 0.000000
0.039828 -0.220732 1.025764 0.000000
0.034959 -0.216753 1.007351 0.000000
0.030751 -0.216347 1.005529 0.000000
0.025679 -0.208790 0.970462 0.000000
0.022621 -0.217842 1.012586 0.000000
0.018219 -0.215117 0.999961 0.000000
0.014210 -0.216806 1.007846 0.000000
0.010079 -0.217233 1.009850 0.000000
0.006097 -0.223756 1.040189 0.000000
0.001749 -0.215977 1.004032 0.000000
-0.002458 -0.222497 1.034337 0.000000
-0.006617 -0.219131 1.018676 0.000000
-0.011000 -0.222914 1.036238 0.000000
-0.015369 -0.224382 1.043027 0.000000
-0.019813 -0.226058 1.050776 0.000000
-0.024118 -0.225839 1.049710 0.000000
-0.028918 -0.229615 1.067195 0.000000
-0.033375 -0.230024 1.069023 0.000000
-0.038744 -0.235897 1.096237 0.000000
-0.042063 -0.229364 1.065788 0.000000
-0.048028 -0.237126 1.101748 0.000000
-0.052238 -0.235635 1.094709 0.000000
-0.058113 -0.241289 1.120851 0.000000
-0.060815 -0.233910 1.086442 0.000000
-0.066930 -0.239770 1.113513 0.000000
-0.072266 -0.242264 1.124942 0.000000
-0.079365 -0.250009 1.160731 0.000000
-0.082092 -0.243885 1.132123 0.000000
-0.090786 -0.255194 1.184423 0.000000
-0.093928 -0.250538 1.162608 0.000000
-0.100697 -0.255540 1.185601 0.000000
0.174821 -0.262636 1.190917 0.000000
0.165379 -0.255671 1.159691 0.000000
0.164500 -0.261924 1.188411 0.000000
0.154029 -0.252817 1.147425 0.000000
0.145156 -0.245838 1.116063 0.000000
0.139594 -0.244189 1.108883 0.000000
0.135390 -0.244887 1.112344 0.000000
0.132984 -0.248999 1.131314 0.000000
0.125251 -0.243073 1.104659 0.000000
0.121026 -0.243765 1.108067 0.000000
0.111977 -0.234412 1.065796 0.000000
0.109457 -0.238518 1.084705 0.000000
0.103489 -0.235142 1.069578 0.000000
0.097557 -0.231550 1.053450 0.000000
0.094857 -0.235653 1.072322 0.000000
0.089705 -0.233766 1.063934 0.000000
0.083842 -0.229738 1.045785 0.000000
0.079759 -0.230414 1.049036 0.000000
0.073479 -0.224456 1.022067 0.000000
0.071053 -0.230263 1.048669 0.000000
0.067107 -0.231576 1.054795 0.000000
0.062473 -0.230533 1.050181 0.000000
0.057662 -0.228632 1.041646 0.000000
0.053222 -0.228013 1.038943 0.000000
0.048391 -0.225465 1.027440 0.000000
0.043907 -0.224200 1.021771 0.000000
0.039242 -0.221648 1.010226 0.000000
0.035080 -0.221664 1.010376 0.000000
0.031365 -0.224891 1.025154 0.000000
0.025694 -0.212909 0.970590 0.000000
0.022545 -0.221273 1.008771 0.000000
0.018264 -0.219783 1.002017 0.000000
0.014424 -0.224289 1.022593 0.000000
0.010142 -0.222795 1.015805 0.000000
0.005956 -0.222799 1.015837 0.000000
0.001817 -0.228800 1.043202 0.000000
-0.002475 -0.228158 1.040271 0.000000
-0.006647 -0.224301 1.022670 0.000000
-0.011411 -0.235652 1.074401 0.000000
-0.015508 -0.230720 1.051882 0.000000
-0.019879 -0.231142 1.053764 0.000000
-0.024334 -0.232205 1.058558 0.000000
-0.029225 -0.236479 1.077979 0.000000
-0.033332 -0.234111 1.067113 0.000000
-0.037798 -0.234526 1.068922 0.000000
-0.043204 -0.240079 1.094137 0.000000
-0.047967 -0.241346 1.099809 0.000000
-0.052544 -0.241541 1.100582 0.000000
-0.056522 -0.239164 1.089631 0.000000
-0.061174 -0.239784 1.092319 0.000000
-0.067022 -0.244682 1.114490 0.000000
-0.073742 -0.251933 1.147354 0.000000
-0.077267 -0.248050 1.129505 0.000000
-0.084957 -0.257220 1.171078 0.000000
-0.088584 -0.253762 1.155142 0.000000
-0.096645 -0.262711 1.195670 0.000000
-0.100575 -0.260105 1.183590 0.000000
0.175315 -0.268321 1.193719 0.000000
0.168343 -0.265136 1.179917 0.000000
0.161888 -0.262600 1.168980 0.000000
0.146819 -0.245504 1.093194 0.000000
0.149378 -0.257734 1.147979 0.000000
0.137706 -0.245406 1.093368 0.000000
0.133918 -0.246768 1.099726 0.000000
0.128254 -0.244649 1.090561 0.000000
0.123548 -0.244267 1.089127 0.000000
0.119067 -0.244319 1.089615 0.000000
0.115400 -0.246109 1.097850 0.000000
0.108823 -0.241586 1.077912 0.000000
0.102505 -0.237277 1.058911 0.000000
0.098506 -0.238191 1.063202 0.000000
0.092752 -0.234747 1.048034 0.000000
0.088847 -0.235875 1.053261 0.000000
0.084353 -0.235476 1.051664 0.000000
0.079133 -0.232896 1.040316 0.000000
0.075689 -0.235544 1.052308 0.000000
0.071750 -0.236883 1.058446 0.000000
0.066769 -0.234733 1.048986 0.000000
0.061345 -0.230619 1.030735 0.000000
0.058015 -0.234350 1.047540 0.000000
0.053049 -0.231540 1.035094 0.000000
0.048003 -0.227855 1.018726 0.000000
0.044139 -0.229620 1.026711 0.000000
0.039225 -0.225712 1.009327 0.000000
0.034692 -0.223330 0.998747 0.000000
0.031113 -0.227270 1.016437 0.000000
0.026380 -0.222702 0.996067 0.000000
0.022819 -0.228166 1.020556 0.000000
0.018363 -0.225122 1.006979 0.000000
0.014376 -0.227747 1.018754 0.000000
0.010205 -0.228407 1.021731 0.000000
0.006073 -0.231466 1.035426 0.000000
0.001772 -0.227323 1.016900 0.000000
-0.002398 -0.225142 1.007139 0.000000
-0.006645 -0.228414 1.021759 0.000000
-0.011148 -0.234519 1.049048 0.000000
-0.015589 -0.236260 1.056800 0.000000
-0.019946 -0.236253 1.056729 0.000000
-0.024594 -0.239081 1.069323 0.000000
-0.028817 -0.237544 1.062386 0.000000
-0.033410 -0.239059 1.069089 0.000000
-0.037921 -0.239699 1.071871 0.000000
-0.042879 -0.242737 1.085361 0.000000
-0.047693 -0.244463 1.092979 0.000000
-0.051872 -0.242917 1.085954 0.000000
-0.058219 -0.250963 1.121797 0.000000
-0.060931 -0.243308 1.087449 0.000000
-0.066937 -0.248951 1.112523 0.000000
-0.071395 -0.248487 1.110296 0.000000
-0.077103 -0.252163 1.126551 0.000000
-0.082592 -0.254746 1.137912 0.000000
-0.089221 -0.260376 1.162871 0.000000
-0.094876 -0.262736 1.173203 0.000000
-0.099212 -0.261389 1.166976 0.000000
-0.104278 -0.262002 1.169483 0.000000
0.175666 -0.273809 1.195530 0.000000
0.167858 -0.269242 1.175949 0.000000
0.161953 -0.267544 1.168885 0.000000
0.156107 -0.265843 1.161793 0.000000
0.146923 -0.258166 1.128562 0.000000
0.140573 -0.255130 1.115597 0.000000
0.135276 -0.253862 1.110344 0.000000
0.133670 -0.259675 1.136059 0.000000
0.122836 -0.247332 1.082325 0.000000
0.119017 -0.248712 1.088626 0.000000
0.114331 -0.248320 1.087155 0.000000
0.108384 -0.245044 1.073053 0.000000
0.102556 -0.241766 1.058920 0.000000
0.099634 -0.245356 1.074859 0.000000
0.094777 -0.244289 1.070394 0.000000
0.089055 -0.240782 1.055220 0.000000
0.083849 -0.238380 1.044878 0.000000
0.079988 -0.239746 1.051040 0.000000
0.076286 -0.241776 1.060106 0.000000
0.071455 -0.240255 1.053594 0.000000
0.066121 -0.236736 1.038303 0.000000
0.061029 -0.233657 1.024934 0.000000
0.057775 -0.237677 1.042695 0.000000
0.053176 -0.236370 1.037076 0.000000
0.047660 -0.230399 1.010984 0.000000
0.043659 -0.231307 1.015064 0.000000
0.039814 -0.233324 1.024000 0.000000
0.035456 -0.232452 1.020254 0.000000
0.031487 -0.234243 1.028185 0.000000
0.026213 -0.225375 0.989315 0.000000
0.022569 -0.229827 1.008908 0.000000
0.018727 -0.233834 1.026538 0.000000
0.014438 -0.232953 1.022705 0.000000
0.010122 -0.230738 1.013005 0.000000
0.006127 -0.237849 1.044237 0.000000
0.001770 -0.231411 1.015977 0.000000
-0.002477 -0.236742 1.039376 0.000000
-0.006809 -0.238295 1.046183 0.000000
-0.011134 -0.238515 1.047121 0.000000
-0.015554 -0.240064 1.053892 0.000000
-0.019809 -0.238948 1.048946 0.000000
-0.024091 -0.238495 1.046908 0.000000
-0.029044 -0.243814 1.070194 0.000000
-0.033214 -0.242025 1.062271 0.000000
-0.038699 -0.249116 1.093310 0.000000
-0.042130 -0.242884 1.065865 0.000000
-0.048099 -0.251080 1.101729 0.000000
-0.052875 -0.252169 1.106395 0.000000
-0.056831 -0.249483 1.094488 0.000000
-0.061180 -0.248794 1.091329 0.000000
-0.067261 -0.254759 1.117353 0.000000
-0.073495 -0.260500 1.142372 0.000000
-0.078737 -0.262244 1.149849 0.000000
-0.083618 -0.262654 1.151467 0.000000
-0.089409 -0.265724 1.164732 0.000000
-0.093658 -0.264134 1.157559 0.000000
-0.099254 -0.266312 1.166888 0.000000
0.172614 -0.273918 1.174180 0.000000
0.161724 -0.264094 1.132420 0.000000
0.162953 -0.274064 1.175525 0.000000
0.151107 -0.261981 1.124024 0.000000
0.145223 -0.259794 1.114959 0.000000
0.139781 -0.258281 1.108766 0.000000
0.136161 -0.260143 1.117055 0.000000
0.130878 -0.258850 1.111786 0.000000
0.124432 -0.255075 1.095845 0.000000
0.117058 -0.249044 1.070187 0.000000
0.113466 -0.250897 1.078399 0.000000
0.110394 -0.254103 1.092417 0.000000
0.105236 -0.252571 1.086063 0.000000
0.100401 -0.251714 1.082597 0.000000
0.093790 -0.246118 1.058731 0.000000
0.089426 -0.246158 1.059099 0.000000
0.084592 -0.244843 1.053623 0.000000
0.079953 -0.243976 1.050069 0.000000
0.075203 -0.242656 1.044551 0.000000
0.071094 -0.243366 1.047761 0.000000
0.066339 -0.241816 1.041233 0.000000
0.061234 -0.238683 1.027876 0.000000
0.057102 -0.239161 1.030060 0.000000
0.053153 -0.240540 1.036118 0.000000
0.047869 -0.235594 1.014915 0.000000
0.043682 -0.235614 1.015100 0.000000
0.039304 -0.234503 1.010400 0.000000
0.035203 -0.234972 1.012496 0.000000
0.030965 -0.234535 1.010682 0.000000
0.026201 -0.229351 0.988401 0.000000
0.022340 -0.231622 0.998237 0.000000
0.018505 -0.235247 1.013902 0.000000
0.014239 -0.233899 1.008124 0.000000
0.010253 -0.237973 1.025706 0.000000
0.006026 -0.238204 1.026713 0.000000
0.001772 -0.235946 1.016987 0.000000
-0.002481 -0.241371 1.040364 0.000000
-0.006692 -0.238432 1.027682 0.000000
-0.011058 -0.241141 1.039335 0.000000
-0.015390 -0.241814 1.042204 0.000000
-0.019784 -0.242937 1.047003 0.000000
-0.024575 -0.247674 1.067366 0.000000
-0.029086 -0.248568 1.071153 0.000000
-0.034206 -0.253752 1.093421 0.000000
-0.038132 -0.249896 1.076724 0.000000
-0.042729 -0.250784 1.080454 0.000000
-0.047527 -0.252573 1.088059 0.000000
-0.052807 -0.256392 1.104400 0.000000
-0.056706 -0.253433 1.091531 0.000000
-0.061209 -0.253409 1.091293 0.000000
-0.067468 -0.260157 1.120210 0.000000
-0.073715 -0.265999 1.145205 0.000000
-0.077773 -0.263710 1.135180 0.000000
-0.084078 -0.268869 1.157204 0.000000
-0.091684 -0.277410 1.193767 0.000000
-0.094720 -0.271954 1.170083 0.000000
-0.098635 -0.269431 1.159014 0.000000
0.176504 -0.285066 1.200041 0.000000
0.167023 -0.277592 1.168938 0.000000
0.161143 -0.275834 1.161884 0.000000
0.152857 -0.269722 1.136472 0.000000
0.148178 -0.269789 1.137076 0.000000
0.144836 -0.272374 1.148284 0.000000
0.137750 -0.267855 1.129531 0.000000
0.135375 -0.272499 1.149408 0.000000
0.125915 -0.262701 1.108354 0.000000
0.120501 -0.260922 1.101110 0.000000
0.116371 -0.261892 1.105457 0.000000
0.109073 -0.255520 1.078799 0.000000
0.105002 -0.256486 1.083104 0.000000
0.099907 -0.254926 1.076732 0.000000
0.094264 -0.251756 1.063552 0.000000
0.089960 -0.252027 1.064891 0.000000
0.084944 -0.250230 1.057483 0.000000
0.080435 -0.249808 1.055874 0.000000
0.075729 -0.248695 1.051335 0.000000
0.070996 -0.247350 1.045804 0.000000
0.068291 -0.253353 1.071335 0.000000
0.062017 -0.246031 1.040511 0.000000
0.058208 -0.248126 1.049498 0.000000
0.052081 -0.239880 1.014732 0.000000
0.048214 -0.241511 1.021738 0.000000
0.043620 -0.239464 1.013173 0.000000
0.040005 -0.242930 1.027927 0.000000
0.035593 -0.241798 1.023216 0.000000
0.032144 -0.247790 1.048642 0.000000
0.025983 -0.231483 0.979688 0.000000
0.022678 -0.239311 1.012866 0.000000
0.018852 -0.243918 1.032410 0.000000
0.014823 -0.247835 1.049020 0.000000
0.010375 -0.245082 1.037392 0.000000
0.006125 -0.246466 1.043265 0.000000
0.001833 -0.248538 1.052039 0.000000
-0.002476 -0.245090 1.037439 0.000000
-0.006703 -0.243020 1.028662 0.000000
-0.011116 -0.246695 1.044197 0.000000
-0.015471 -0.247380 1.047062 0.000000
-0.020162 -0.251972 1.066452 0.000000
-0.024521 -0.251503 1.064416 0.000000
-0.029761 -0.258848 1.095440 0.000000
-0.034101 -0.257456 1.089474 0.000000
-0.038530 -0.256981 1.087382 0.000000
-0.043366 -0.259033 1.095970 0.000000
-0.048230 -0.260853 1.103565 0.000000
-0.053111 -0.262440 1.110166 0.000000
-0.056380 -0.256443 1.084673 0.000000
-0.063747 -0.268595 1.135937 0.000000
-0.068493 -0.268797 1.136643 0.000000
-0.072809 -0.267389 1.130530 0.000000
-0.077607 -0.267816 1.132169 0.000000
-0.086159 -0.280414 1.185237 0.000000
-0.091049 -0.280376 1.184880 0.000000
-0.093030 -0.271841 1.148610 0.000000
-0.100327 -0.278917 1.178289 0.000000
0.177133 -0.291075 1.203703 0.000000
0.163645 -0.276724 1.144712 0.000000
0.157729 -0.274702 1.136688 0.000000
0.150194 -0.269650 1.116107 0.000000
0.148615 -0.275306 1.139844 0.000000
0.142458 -0.272577 1.128852 0.000000
0.134508 -0.266116 1.102386 0.000000
0.130534 -0.267341 1.107745 0.000000
0.126737 -0.269031 1.115023 0.000000
0.118118 -0.260227 1.078789 0.000000
0.116828 -0.267509 1.109233 0.000000
0.112156 -0.267328 1.108726 0.000000
0.105611 -0.262478 1.088842 0.000000
0.099412 -0.258092 1.070860 0.000000
0.095338 -0.259069 1.075125 0.000000
0.089510 -0.255143 1.059027 0.000000
0.082803 -0.248179 1.030301 0.000000
0.079733 -0.251952 1.046138 0.000000
0.075485 -0.252221 1.047419 0.000000
0.070503 -0.249919 1.038013 0.000000
0.066899 -0.252520 1.048961 0.000000
0.061989 -0.250213 1.039515 0.000000
0.057913 -0.251175 1.043639 0.000000
0.052656 -0.246761 1.025413 0.000000
0.048880 -0.249121 1.035329 0.000000
0.042972 -0.240028 0.997632 0.000000
0.039230 -0.242384 1.007512 0.000000
0.035035 -0.242168 1.006689 0.000000
0.031294 -0.245456 1.020427 0.000000
0.026460 -0.239859 0.997218 0.000000
0.022537 -0.241975 1.006064 0.000000
0.018541 -0.244090 1.014895 0.000000
0.014774 -0.251346 1.045099 0.000000
0.010252 -0.246442 1.024733 0.000000
0.006162 -0.252292 1.049072 0.000000
0.001819 -0.251126 1.044226 0.000000
-0.002462 -0.247853 1.030613 0.000000
-0.006695 -0.246917 1.026705 0.000000
-0.011257 -0.254162 1.056808 0.000000
-0.015738 -0.256027 1.064531 0.000000
-0.020228 -0.257189 1.069320 0.000000
-0.024287 -0.253440 1.053677 0.000000
-0.028772 -0.254598 1.058430 0.000000
-0.033905 -0.260429 1.082600 0.000000
-0.038790 -0.263219 1.094115 0.000000
-0.041886 -0.254553 1.058002 0.000000
-0.048804 -0.268559 1.116107 0.000000
-0.052484 -0.263863 1.096478 0.000000
-0.056760 -0.262671 1.091402 0.000000
-0.062194 -0.266618 1.107668 0.000000
-0.068406 -0.273132 1.134584 0.000000
-0.071652 -0.267729 1.111982 0.000000
-0.078239 -0.274704 1.140786 0.000000
-0.084571 -0.280041 1.162766 0.000000
-0.089743 -0.281171 1.167264 0.000000
-0.094404 -0.280665 1.164955 0.000000
-0.101522 -0.287159 1.191693 0.000000
-0.105834 -0.285480 1.184495 0.000000
0.167560 -0.288205 1.171489 0.000000
0.160329 -0.284021 1.154828 0.000000
0.157256 -0.287171 1.167978 0.000000
0.147667 -0.278244 1.131989 0.000000
0.142758 -0.277837 1.130644 0.000000
0.140687 -0.283114 1.152423 0.000000
0.132295 -0.275595 1.122103 0.000000
0.126789 -0.273758 1.114902 0.000000
0.119122 -0.266941 1.087395 0.000000
0.115858 -0.269840 1.099458 0.000000
0.107996 -0.261829 1.067051 0.000000
0.106502 -0.269231 1.097450 0.000000
0.099906 -0.263823 1.075621 0.000000
0.093835 -0.259359 1.057628 0.000000
0.087422 -0.253468 1.033796 0.000000
0.083855 -0.255644 1.042853 0.000000
0.078219 -0.251409 1.025747 0.000000
0.075660 -0.257143 1.049306 0.000000
0.070931 -0.255752 1.043786 0.000000
0.066249 -0.254359 1.038245 0.000000
0.060688 -0.249164 1.017170 0.000000
0.057940 -0.255605 1.043592 0.000000
0.052980 -0.252543 1.031205 0.000000
0.048719 -0.252566 1.031410 0.000000
0.044332 -0.251876 1.028685 0.000000
0.039401 -0.247618 1.011384 0.000000
0.035120 -0.246923 1.008621 0.000000
0.031369 -0.250266 1.022346 0.000000
0.026551 -0.244813 1.000131 0.000000
0.022765 -0.248629 1.015767 0.000000
0.019011 -0.254581 1.040129 0.000000
0.014615 -0.252926 1.033398 0.000000
0.010237 -0.250318 1.022764 0.000000
0.006095 -0.253888 1.037366 0.000000
0.001787 -0.251038 1.025725 0.000000
-0.002474 -0.253178 1.034466 0.000000
-0.006851 -0.256981 1.049988 0.000000
-0.011295 -0.259355 1.059664 0.000000
-0.015416 -0.255071 1.042128 0.000000
-0.019724 -0.255064 1.042057 0.000000
-0.024680 -0.261948 1.070130 0.000000
-0.029394 -0.264552 1.080702 0.000000
-0.033008 -0.257883 1.053391 0.000000
-0.038464 -0.265473 1.084312 0.000000
-0.042637 -0.263555 1.076384 0.000000
-0.048486 -0.271377 1.108227 0.000000
-0.053159 -0.271831 1.109963 0.000000
-0.058401 -0.274895 1.122351 0.000000
-0.062603 -0.272968 1.114347 0.000000
-0.068786 -0.279354 1.140266 0.000000
-0.074746 -0.284073 1.159367 0.000000
-0.076809 -0.274302 1.119323 0.000000
-0.084252 -0.283766 1.157758 0.000000
-0.091567 -0.291800 1.190340 0.000000
-0.095148 -0.287723 1.173502 0.000000
-0.102221 -0.294088 1.199243 0.000000
-0.107864 -0.295941 1.206563 0.000000
0.172161 -0.292609 1.168687 0.000000
0.164045 -0.286917 1.146306 0.000000
0.161457 -0.290842 1.162336 0.000000
0.153296 -0.284660 1.137962 0.000000
0.149483 -0.286415 1.145304 0.000000
0.140624 -0.278299 1.113153 0.000000
0.136267 -0.278845 1.115635 0.000000
0.129391 -0.274091 1.096894 0.000000
0.125304 -0.275114 1.101261 0.000000
0.120865 -0.275413 1.102719 0.000000
0.113973 -0.269926 1.080995 0.000000
0.112443 -0.277210 1.110410 0.000000
0.106733 -0.274368 1.099261 0.000000
0.098872 -0.265495 1.063926 0.000000
0.093791 -0.263611 1.056580 0.000000
0.089918 -0.265101 1.062750 0.000000
0.084361 -0.261524 1.048592 0.000000
0.079881 -0.261080 1.046986 0.000000
0.076323 -0.263771 1.057945 0.000000
0.070701 -0.259221 1.039847 0.000000
0.065909 -0.257322 1.032375 0.000000
0.061700 -0.257594 1.033599 0.000000
0.057805 -0.259312 1.040621 0.000000
0.052905 -0.256441 1.029215 0.000000
0.047963 -0.252843 1.014879 0.000000
0.044060 -0.254555 1.021849 0.000000
0.039609 -0.253126 1.016200 0.000000
0.035880 -0.256526 1.029928 0.000000
0.031234 -0.253402 1.017454 0.000000
0.026589 -0.249310 1.001080 0.000000
0.022558 -0.250530 1.006029 0.000000
0.018682 -0.254406 1.021635 0.000000
0.014498 -0.255139 1.024612 0.000000
0.010261 -0.255146 1.024662 0.000000
0.006012 -0.254667 1.022753 0.000000
0.001797 -0.256845 1.031502 0.000000
-0.002450 -0.254912 1.023738 0.000000
-0.006824 -0.260227 1.045067 0.000000
-0.011166 -0.260707 1.046971 0.000000
-0.015683 -0.263843 1.059531 0.000000
-0.019734 -0.259487 1.041995 0.000000
-0.024737 -0.266967 1.071980 0.000000
-0.028959 -0.265023 1.064111 0.000000
-0.032903 -0.261386 1.049437 0.000000
-0.037793 -0.265236 1.064813 0.000000
-0.042158 -0.264977 1.063682 0.000000
-0.047362 -0.269546 1.081923 0.000000
-0.052578 -0.273389 1.097232 0.000000
-0.056610 -0.270950 1.087320 0.000000
-0.063283 -0.280582 1.125839 0.000000
-0.066534 -0.274758 1.102327 0.000000
-0.074026 -0.286074 1.147566 0.000000
-0.077639 -0.281937 1.130800 0.000000
-0.084426 -0.289141 1.159514 0.000000
-0.090335 -0.292722 1.173679 0.000000
-0.096439 -0.296541 1.188782 0.000000
-0.100691 -0.294567 1.180649 0.000000
-0.105568 -0.294520 1.180235 0.000000
0.169740 -0.301802 1.185466 0.000000
0.162983 -0.298459 1.172689 0.000000
0.156073 -0.294623 1.157956 0.000000
0.150794 -0.293718 1.154726 0.000000
0.141044 -0.283760 1.115880 0.000000
0.135968 -0.282847 1.112585 0.000000
0.135694 -0.292211 1.149711 0.000000
0.124038 -0.276853 1.089554 0.000000
0.119434 -0.276666 1.089078 0.000000
0.113207 -0.272559 1.073157 0.000000
0.115420 -0.289267 1.139194 0.000000
0.107620 -0.281237 1.107803 0.000000
0.100710 -0.274917 1.083126 0.000000
0.095119 -0.271778 1.070967 0.000000
0.092901 -0.278440 1.097423 0.000000
0.084476 -0.266226 1.049468 0.000000
0.080064 -0.266021 1.048832 0.000000
0.077124 -0.270962 1.068483 0.000000
0.072378 -0.269772 1.063948 0.000000
0.067299 -0.267108 1.053587 0.000000
0.063462 -0.269347 1.062558 0.000000
0.057992 -0.264470 1.043445 0.000000
0.053925 -0.265724 1.048509 0.000000
0.049176 -0.263540 1.040002 0.000000
0.044331 -0.260373 1.027600 0.000000
0.039627 -0.257449 1.016145 0.000000
0.035930 -0.261149 1.030828 0.000000
0.031338 -0.258465 1.020305 0.000000
0.026009 -0.247925 0.978753 0.000000
0.022742 -0.256774 1.013739 0.000000
0.018938 -0.262186 1.035144 0.000000
0.014367 -0.257039 1.014856 0.000000
0.010478 -0.264902 1.045925 0.000000
0.006162 -0.265398 1.047897 0.000000
0.001851 -0.269083 1.062453 0.000000
-0.002464 -0.260491 1.028523 0.000000
-0.006879 -0.266628 1.052739 0.000000
-0.011266 -0.267361 1.055610 0.000000
-0.015777 -0.269811 1.065248 0.000000
-0.020093 -0.268576 1.060330 0.000000
-0.024749 -0.271512 1.071870 0.000000
-0.029369 -0.273219 1.078544 0.000000
-0.034348 -0.277378 1.094889 0.000000
-0.038843 -0.277117 1.093773 0.000000
-0.043868 -0.280289 1.106200 0.000000
-0.048232 -0.279041 1.101171 0.000000
-0.054319 -0.287117 1.132922 0.000000
-0.058350 -0.283902 1.120109 0.000000
-0.063963 -0.288291 1.137287 0.000000
-0.070595 -0.296357 1.168954 0.000000
-0.074118 -0.291172 1.148344 0.000000
-0.080793 -0.298250 1.176085 0.000000
-0.084740 -0.295024 1.163180 0.000000
-0.090145 -0.296946 1.170563 0.000000
-0.094435 -0.295188 1.163427 0.000000
-0.101717 -0.302498 1.192017 0.000000
-0.107335 -0.304411 1.199324 0.000000
0.177651 -0.311955 1.204647 0.000000
0.168423 -0.304344 1.175621 0.000000
0.162905 -0.303183 1.171488 0.000000
0.155222 -0.297796 1.151010 0.000000
0.148588 -0.294144 1.137215 0.000000
0.141705 -0.289742 1.120502 0.000000
0.135668 -0.286827 1.109523 0.000000
0.130063 -0.284654 1.101399 0.000000
0.126390 -0.286705 1.109610 0.000000
0.119165 -0.280547 1.086037 0.000000
0.116406 -0.284833 1.102880 0.000000
0.110578 -0.281654 1.090811 0.000000
0.106351 -0.282453 1.094137 0.000000
0.101558 -0.281757 1.091661 0.000000
0.093359 -0.271100 1.050576 0.000000
0.093102 -0.283594 1.099194 0.000000
0.085757 -0.274673 1.064805 0.000000
0.081206 -0.274216 1.063208 0.000000
0.077924 -0.278240 1.078981 0.000000
0.071751 -0.271800 1.054162 0.000000
0.065845 -0.265605 1.030279 0.000000
0.061756 -0.266384 1.033435 0.000000
0.058663 -0.271896 1.054947 0.000000
0.053053 -0.265692 1.030994 0.000000
0.047688 -0.259735 1.007982 0.000000
0.043391 -0.259010 1.005262 0.000000
0.040174 -0.265263 1.029620 0.000000
0.035068 -0.259049 1.005577 0.000000
0.032036 -0.268541 1.042492 0.000000
0.026202 -0.253844 0.985495 0.000000
0.022361 -0.256599 0.996242 0.000000
0.018503 -0.260350 1.010847 0.000000
0.014222 -0.258613 1.004134 0.000000
0.010434 -0.268097 1.040980 0.000000
0.006004 -0.262865 1.020677 0.000000
0.001785 -0.263865 1.024566 0.000000
-0.002497 -0.268106 1.041027 0.000000
-0.006775 -0.266857 1.036167 0.000000
-0.011458 -0.276331 1.072928 0.000000
-0.015513 -0.269592 1.046728 0.000000
-0.019828 -0.269335 1.045689 0.000000
-0.025029 -0.279052 1.083358 0.000000
-0.029488 -0.278790 1.082280 0.000000
-0.033513 -0.275036 1.067633 0.000000
-0.039205 -0.284245 1.103298 0.000000
-0.043656 -0.283479 1.100229 0.000000
-0.048592 -0.285702 1.108751 0.000000
-0.053645 -0.288171 1.118220 0.000000
-0.058223 -0.287897 1.117028 0.000000
-0.061757 -0.282884 1.097446 0.000000
-0.067350 -0.287341 1.114589 0.000000
-0.073148 -0.292043 1.132671 0.000000
-0.079030 -0.296493 1.149759 0.000000
-0.082871 -0.293217 1.136875 0.000000
-0.091815 -0.307375 1.191573 0.000000
-0.094705 -0.300856 1.166096 0.000000
-0.101835 -0.307784 1.192726 0.000000
-0.106681 -0.307486 1.191342 0.000000
0.175728 -0.313532 1.190946 0.000000
0.168753 -0.309835 1.177270 0.000000
0.164426 -0.310926 1.181769 0.000000
0.154629 -0.301420 1.145976 0.000000
0.147512 -0.296702 1.128355 0.000000
0.140179 -0.291221 1.107816 0.000000
0.140067 -0.300881 1.144865 0.000000
0.130113 -0.289335 1.101214 0.000000
0.127315 -0.293438 1.117107 0.000000
0.119529 -0.285922 1.088754 0.000000
0.115231 -0.286485 1.091148 0.000000
0.110817 -0.286794 1.092563 0.000000
0.109389 -0.295187 1.124777 0.000000
0.098101 -0.276535 1.053917 0.000000
0.099483 -0.293521 1.118870 0.000000
0.090360 -0.279662 1.066236 0.000000
0.086803 -0.282487 1.077198 0.000000
0.078586 -0.269630 1.028339 0.000000
0.077537 -0.281304 1.073033 0.000000
0.071584 -0.275522 1.051135 0.000000
0.067356 -0.276063 1.053344 0.000000
0.062765 -0.275083 1.049742 0.000000
0.057451 -0.270558 1.032598 0.000000
0.053275 -0.271092 1.034752 0.000000
0.048396 -0.267827 1.022395 0.000000
0.043828 -0.265824 1.014848 0.000000
0.040191 -0.269643 1.029516 0.000000
0.035692 -0.267890 1.022900 0.000000
0.031068 -0.264616 1.010464 0.000000
0.026189 -0.257793 0.984470 0.000000
0.022806 -0.265910 1.015516 0.000000
0.019131 -0.273518 1.044616 0.000000
0.014488 -0.267702 1.022436 0.000000
0.010379 -0.271002 1.035061 0.000000
0.006057 -0.269487 1.029289 0.000000
0.001827 -0.274556 1.048652 0.000000
-0.002471 -0.269491 1.029303 0.000000
-0.006785 -0.271516 1.037023 0.000000
-0.011123 -0.272526 1.040856 0.000000
-0.015836 -0.279612 1.067887 0.000000
-0.020388 -0.281377 1.074585 0.000000
-0.024281 -0.275036 1.050315 0.000000
-0.028842 -0.277050 1.057945 0.000000
-0.033892 -0.282607 1.079093 0.000000
-0.038225 -0.281578 1.075080 0.000000
-0.043215 -0.285104 1.088450 0.000000
-0.047807 -0.285589 1.090201 0.000000
-0.052739 -0.287845 1.098696 0.000000
-0.058448 -0.293642 1.120696 0.000000
-0.062708 -0.291841 1.113690 0.000000
-0.068487 -0.296873 1.132742 0.000000
-0.073489 -0.298105 1.137285 0.000000
-0.081715 -0.311480 1.188135 0.000000
-0.086140 -0.309670 1.181042 0.000000
-0.091029 -0.309628 1.180686 0.000000
-0.094818 -0.306043 1.166811 0.000000
-0.101211 -0.310802 1.184736 0.000000
0.167876 -0.304254 1.137088 0.000000
0.169767 -0.316622 1.183680 0.000000
0.160612 -0.308513 1.153711 0.000000
0.152224 -0.301422 1.127520 0.000000
0.145559 -0.297398 1.112784 0.000000
0.146909 -0.310024 1.160346 0.000000
0.135182 -0.294976 1.104317 0.000000
0.133453 -0.301451 1.128846 0.000000
0.122652 -0.287159 1.075591 0.000000
0.118626 -0.288245 1.079916 0.000000
0.114565 -0.289329 1.084227 0.000000
0.112909 -0.296825 1.112563 0.000000
0.104374 -0.286103 1.072603 0.000000
0.101189 -0.289748 1.086484 0.000000
0.094980 -0.284663 1.067627 0.000000
0.091213 -0.286764 1.075702 0.000000
0.087537 -0.289376 1.085692 0.000000
0.079431 -0.276836 1.038815 0.000000
0.077847 -0.286891 1.076718 0.000000
0.071285 -0.278710 1.046167 0.000000
0.065965 -0.274634 1.031012 0.000000
0.062098 -0.276465 1.038021 0.000000
0.058013 -0.277523 1.042121 0.000000
0.054094 -0.279607 1.050066 0.000000
0.048783 -0.274237 1.030002 0.000000
0.044223 -0.272461 1.023430 0.000000
0.039379 -0.268370 1.008148 0.000000
0.035741 -0.272502 1.023751 0.000000
0.031260 -0.270463 1.016158 0.000000
0.026432 -0.264308 0.993089 0.000000
0.022403 -0.265349 0.997052 0.000000
0.018713 -0.271788 1.021288 0.000000
0.014549 -0.273083 1.026186 0.000000
0.010402 -0.275919 1.036865 0.000000
0.006042 -0.273095 1.026268 0.000000
0.001795 -0.274127 1.030149 0.000000
-0.002515 -0.278499 1.046576 0.000000
-0.006739 -0.273869 1.029162 0.000000
-0.011232 -0.279523 1.050385 0.000000
-0.015643 -0.280546 1.054196 0.000000
-0.019646 -0.275396 1.034801 0.000000
-0.024471 -0.281557 1.057900 0.000000
-0.029251 -0.285402 1.072283 0.000000
-0.033968 -0.287701 1.080849 0.000000
-0.038413 -0.287428 1.079738 0.000000
-0.043463 -0.291265 1.094059 0.000000
-0.048717 -0.295613 1.110288 0.000000
-0.053411 -0.296103 1.112013 0.000000
-0.057011 -0.290937 1.092488 0.000000
-0.063222 -0.298876 1.122161 0.000000
-0.067696 -0.298074 1.119004 0.000000
-0.074078 -0.305234 1.145726 0.000000
-0.078293 -0.303143 1.137706 0.000000
-0.086100 -0.314407 1.179793 0.000000
-0.091655 -0.316676 1.188110 0.000000
0.157601 -0.307437 1.131430 0.000000
0.157965 -0.317653 1.169371 0.000000
0.154884 -0.321373 1.183396 0.000000
0.140889 -0.301944 1.112160 0.000000
0.140162 -0.310599 1.144342 0.000000
0.131345 -0.301302 1.110374 0.000000
0.130034 -0.309175 1.139669 0.000000
0.122575 -0.302472 1.115226 0.000000
0.115319 -0.295764 1.090743 0.000000
0.110414 -0.294780 1.087353 0.000000
0.108157 -0.301086 1.110849 0.000000
0.104453 -0.303745 1.120886 0.000000
0.097243 -0.295981 1.092445 0.000000
0.090841 -0.290035 1.070699 0.000000
0.086716 -0.291123 1.074903 0.000000
0.079538 -0.281522 1.039625 0.000000
0.077599 -0.290425 1.072673 0.000000
0.074007 -0.293853 1.085496 0.000000
0.068399 -0.289196 1.068442 0.000000
0.062298 -0.281667 1.040761 0.000000
0.058145 -0.282481 1.043893 0.000000
0.053619 -0.281466 1.040261 0.000000
0.048301 -0.275753 1.019253 0.000000
0.045034 -0.281778 1.041620 0.000000
0.039773 -0.275277 1.017676 0.000000
0.035924 -0.278168 1.028440 0.000000
0.031392 -0.275837 1.019891 0.000000
0.026341 -0.267501 0.989128 0.000000
0.022673 -0.272734 1.008527 0.000000
0.018880 -0.278487 1.029843 0.000000
0.014609 -0.278496 1.029910 0.000000
0.010609 -0.285812 1.056988 0.000000
0.006072 -0.278770 1.030958 0.000000
0.001788 -0.277468 1.026147 0.000000
-0.002510 -0.282167 1.043521 0.000000
-0.006775 -0.279555 1.033849 0.000000
-0.011362 -0.287121 1.061806 0.000000
-0.015766 -0.287116 1.061751 0.000000
-0.020242 -0.288152 1.065540 0.000000
-0.024594 -0.287359 1.062554 0.000000
-0.028711 -0.284476 1.051831 0.000000
-0.034226 -0.294378 1.088372 0.000000
-0.038911 -0.295666 1.093049 0.000000
-0.042484 -0.289123 1.068769 0.000000
-0.048356 -0.297973 1.101380 0.000000
-0.054729 -0.308124 1.138782 0.000000
-0.058293 -0.302097 1.116380 0.000000
-0.062866 -0.301807 1.115173 0.000000
-0.070464 -0.315077 1.164055 0.000000
-0.074541 -0.311913 1.152202 0.000000
-0.077327 -0.304052 1.123000 0.000000
0.147002 -0.319872 1.159748 0.000000
0.140442 -0.315987 1.145966 0.000000
0.130597 -0.304176 1.103415 0.000000
0.129967 -0.313750 1.138426 0.000000
0.118400 -0.296646 1.076620 0.000000
0.115869 -0.301726 1.095308 0.000000
0.110357 -0.299142 1.086167 0.000000
0.109785 -0.310299 1.126915 0.000000
0.102698 -0.303217 1.101418 0.000000
0.096337 -0.297716 1.081647 0.000000
0.090386 -0.293005 1.064726 0.000000
0.087215 -0.297283 1.080459 0.000000
0.083913 -0.301559 1.096185 0.000000
0.076793 -0.291813 1.060923 0.000000
0.071212 -0.287089 1.043903 0.000000
0.067439 -0.289506 1.052841 0.000000
0.063476 -0.291393 1.059840 0.000000
0.059134 -0.291690 1.061049 0.000000
0.053591 -0.285631 1.039127 0.000000
0.049600 -0.287511 1.046075 0.000000
0.044135 -0.280388 1.020253 0.000000
0.040355 -0.283587 1.031984 0.000000
0.035737 -0.280960 1.022500 0.000000
0.031969 -0.285215 1.038056 0.000000
0.025685 -0.264838 0.963951 0.000000
0.022726 -0.277564 1.010320 0.000000
0.018781 -0.281284 1.023900 0.000000
0.014559 -0.281823 1.025895 0.000000
0.010293 -0.281565 1.024980 0.000000
0.006107 -0.284749 1.036584 0.000000
0.001821 -0.287136 1.045278 0.000000
-0.002494 -0.284488 1.035633 0.000000
-0.006804 -0.285017 1.037543 0.000000
-0.011172 -0.286602 1.043292 0.000000
-0.015558 -0.287656 1.047095 0.000000
-0.020343 -0.294005 1.070162 0.000000
-0.024940 -0.295849 1.076820 0.000000
-0.029356 -0.295306 1.074782 0.000000
-0.033967 -0.296616 1.079475 0.000000
-0.038824 -0.299511 1.089930 0.000000
-0.043499 -0.300551 1.093619 0.000000
-0.047952 -0.299999 1.091508 0.000000
-0.054101 -0.309242 1.125018 0.000000
-0.058315 -0.306832 1.116125 0.000000
-0.066149 -0.322420 1.172686 0.000000
0.136308 -0.322267 1.150988 0.000000
0.126292 -0.309476 1.105577 0.000000
0.119076 -0.302841 1.082131 0.000000
0.114795 -0.303438 1.084514 0.000000
0.109131 -0.300280 1.073463 0.000000
0.107765 -0.309185 1.105532 0.000000
0.102018 -0.305754 1.093484 0.000000
0.097826 -0.306879 1.097721 0.000000
0.091888 -0.302369 1.081785 0.000000
0.086859 -0.300537 1.075422 0.000000
0.081589 -0.297630 1.065195 0.000000
0.077935 -0.300624 1.076081 0.000000
0.071438 -0.292342 1.046591 0.000000
0.066541 -0.289963 1.038217 0.000000
0.064307 -0.299663 1.073090 0.000000
0.058888 -0.294862 1.056027 0.000000
0.053960 -0.291938 1.045672 0.000000
0.049254 -0.289817 1.038182 0.000000
0.045320 -0.292260 1.047031 0.000000
0.039656 -0.282881 1.013516 0.000000
0.035515 -0.283438 1.015592 0.000000
0.031744 -0.287487 1.030167 0.000000
0.027057 -0.283204 1.014879 0.000000
0.022583 -0.279993 1.003423 0.000000
0.018735 -0.284842 1.020840 0.000000
0.014305 -0.281089 1.007423 0.000000
0.010470 -0.290771 1.042145 0.000000
0.006149 -0.291045 1.043141 0.000000
0.001812 -0.290242 1.040267 0.000000
-0.002512 -0.290780 1.042192 0.000000
-0.006934 -0.294810 1.056621 0.000000
-0.011466 -0.298569 1.070068 0.000000
-0.015952 -0.299369 1.072903 0.000000
-0.020645 -0.302854 1.085349 0.000000
-0.024683 -0.297200 1.065035 0.000000
-0.029579 -0.302024 1.082258 0.000000
-0.034466 -0.305502 1.094646 0.000000
-0.038942 -0.304947 1.092573 0.000000
-0.044244 -0.310300 1.111657 0.000000
-0.049197 -0.312426 1.119169 0.000000
-0.054214 -0.314550 1.126659 0.000000
0.131252 -0.326412 1.148316 0.000000
0.123753 -0.319412 1.123960 0.000000
0.115950 -0.311048 1.094779 0.000000
0.115403 -0.322259 1.134485 0.000000
0.109950 -0.320143 1.127275 0.000000
0.102948 -0.313127 1.102794 0.000000
0.097347 -0.309916 1.091694 0.000000
0.091514 -0.305612 1.076734 0.000000
0.085185 -0.299127 1.054072 0.000000
0.082060 -0.303800 1.070714 0.000000
0.079216 -0.310104 1.093106 0.000000
0.071924 -0.298709 1.053095 0.000000
0.068168 -0.301470 1.062976 0.000000
0.061796 -0.292245 1.030584 0.000000
0.059178 -0.300721 1.060604 0.000000
0.054526 -0.299390 1.056027 0.000000
0.049638 -0.296421 1.045665 0.000000
0.044046 -0.288273 1.017016 0.000000
0.039973 -0.289386 1.021030 0.000000
0.036304 -0.294040 1.037528 0.000000
0.031697 -0.291333 1.028047 0.000000
0.026990 -0.286716 1.011815 0.000000
0.022960 -0.288911 1.019609 0.000000
0.018848 -0.290831 1.026426 0.000000
0.014706 -0.293294 1.035151 0.000000
0.010560 -0.297663 1.050595 0.000000
0.006076 -0.291944 1.030424 0.000000
0.001795 -0.291947 1.030439 0.000000
-0.002512 -0.294946 1.041021 0.000000
-0.007001 -0.302032 1.066017 0.000000
-0.011410 -0.301483 1.064055 0.000000
-0.015502 -0.295208 1.041874 0.000000
-0.020599 -0.306648 1.082205 0.000000
-0.024806 -0.303094 1.069609 0.000000
-0.029144 -0.301991 1.065653 0.000000
-0.034147 -0.307154 1.083799 0.000000
-0.038752 -0.307953 1.086537 0.000000
-0.044070 -0.313656 1.106562 0.000000
-0.051118 -0.329437 1.162127 0.000000
0.142760 -0.360230 1.248240 0.000000
0.128529 -0.336598 1.166629 0.000000
0.120650 -0.328394 1.138456 0.000000
0.118943 -0.337007 1.168573 0.000000
0.111012 -0.327968 1.137469 0.000000
0.106737 -0.329406 1.142688 0.000000
0.101054 -0.326427 1.132573 0.000000
0.089673 -0.303850 1.054436 0.000000
0.088470 -0.315215 1.094064 0.000000
0.082531 -0.310016 1.076201 0.000000
0.077783 -0.308955 1.072687 0.000000
0.071427 -0.300989 1.045181 0.000000
0.068685 -0.308207 1.070396 0.000000
0.063720 -0.305757 1.062027 0.000000
0.059468 -0.306620 1.065152 0.000000
0.053157 -0.296153 1.028908 0.000000
0.049702 -0.301154 1.046392 0.000000
0.045021 -0.298970 1.038900 0.000000
0.041192 -0.302586 1.051556 0.000000
0.036586 -0.300673 1.044989 0.000000
0.031176 -0.290743 1.010545 0.000000
0.026590 -0.286614 0.996250 0.000000
0.022839 -0.291603 1.013642 0.000000
0.018907 -0.296038 1.029099 0.000000
0.014575 -0.294942 1.025322 0.000000
0.010786 -0.308495 1.072460 0.000000
0.006117 -0.298272 1.036937 0.000000
0.001811 -0.299105 1.039835 0.000000
-0.002523 -0.300488 1.044639 0.000000
-0.006980 -0.305462 1.061918 0.000000
-0.011436 -0.306564 1.065724 0.000000
-0.015781 -0.304900 1.059904 0.000000
-0.020443 -0.308761 1.073284 0.000000
-0.025061 -0.310685 1.079918 0.000000
-0.029814 -0.313436 1.089415 0.000000
-0.035099 -0.320330 1.113301 0.000000
-0.040687 -0.328049 1.140043 0.000000
-0.047339 -0.341845 1.187885 0.000000
-0.052826 -0.345412 1.200167 0.000000
0.141809 -0.362995 1.239163 0.000000
0.124251 -0.330091 1.127104 0.000000
0.122001 -0.336867 1.150505 0.000000
0.113138 -0.325189 1.110865 0.000000
0.109085 -0.326927 1.117041 0.000000
0.103820 -0.325028 1.110775 0.000000
0.101511 -0.332637 1.137000 0.000000
0.096055 -0.330173 1.128787 0.000000
0.089893 -0.324908 1.110979 0.000000
0.083734 -0.319078 1.091228 0.000000
0.078643 -0.316884 1.083893 0.000000
0.072239 -0.308807 1.056423 0.000000
0.067478 -0.307166 1.050954 0.000000
0.063167 -0.307482 1.052173 0.000000
0.058203 -0.304435 1.041874 0.000000
0.054565 -0.308387 1.055519 0.000000
0.048080 -0.295531 1.011620 0.000000
0.045287 -0.305082 1.044411 0.000000
0.040304 -0.300343 1.028277 0.000000
0.035557 -0.296442 1.014998 0.000000
0.032402 -0.306548 1.049673 0.000000
0.026396 -0.288631 0.988380 0.000000
0.022631 -0.293129 1.003832 0.000000
0.019002 -0.301829 1.033667 0.000000
0.014620 -0.300158 1.027975 0.000000
0.010624 -0.308293 1.055861 0.000000
0.006079 -0.300732 1.029977 0.000000
0.001844 -0.309143 1.058790 0.000000
-0.002549 -0.307743 1.053989 0.000000
-0.006978 -0.309703 1.060689 0.000000
-0.011266 -0.306336 1.049133 0.000000
-0.015817 -0.309973 1.061557 0.000000
-0.020672 -0.316691 1.084518 0.000000
-0.025428 -0.319763 1.094982 0.000000
-0.031008 -0.330678 1.132294 0.000000
-0.035748 -0.330942 1.133120 0.000000
-0.041180 -0.336807 1.153113 0.000000
-0.047927 -0.351074 1.201856 0.000000
-0.053939 -0.357772 1.224671 0.000000
0.130176 -0.350752 1.180115 0.000000
0.123553 -0.346006 1.164412 0.000000
0.114534 -0.333885 1.123871 0.000000
0.109957 -0.334231 1.125273 0.000000
0.105281 -0.334291 1.125703 0.000000
0.099066 -0.329244 1.108921 0.000000
0.096652 -0.336956 1.135105 0.000000
0.092475 -0.338994 1.142172 0.000000
0.088019 -0.340180 1.146356 0.000000
0.080474 -0.328877 1.108442 0.000000
0.073835 -0.320123 1.079098 0.000000
0.068732 -0.317325 1.069815 0.000000
0.062902 -0.310550 1.047109 0.000000
0.058545 -0.310584 1.047352 0.000000
0.052454 -0.300678 1.014062 0.000000
0.049601 -0.309225 1.042996 0.000000
0.044887 -0.306696 1.034564 0.000000
0.041108 -0.310697 1.048148 0.000000
0.035772 -0.302483 1.020514 0.000000
0.031880 -0.305910 1.032149 0.000000
0.026457 -0.293429 0.990095 0.000000
0.022682 -0.297989 1.005529 0.000000
0.019326 -0.311353 1.050667 0.000000
0.014679 -0.305681 1.031562 0.000000
0.010405 -0.306258 1.033529 0.000000
0.006165 -0.309388 1.044108 0.000000
0.001809 -0.307687 1.038371 0.000000
-0.002574 -0.315075 1.063298 0.000000
-0.006931 -0.311948 1.052732 0.000000
-0.011735 -0.323592 1.092003 0.000000
-0.016524 -0.328416 1.108245 0.000000
-0.021411 -0.332668 1.122548 0.000000
-0.026129 -0.333224 1.124370 0.000000
-0.031097 -0.336335 1.134799 0.000000
-0.036153 -0.339442 1.145206 0.000000
-0.042016 -0.348512 1.175714 0.000000
-0.048897 -0.363258 1.225355 0.000000
-0.054503 -0.366639 1.236643 0.000000
0.141652 -0.372911 1.236233 0.000000
0.130734 -0.357197 1.184422 0.000000
0.125912 -0.357556 1.185886 0.000000
0.118746 -0.351019 1.164461 0.000000
0.111015 -0.342178 1.135373 0.000000
0.104151 -0.335343 1.112918 0.000000
0.100119 -0.337413 1.120002 0.000000
0.095216 -0.336606 1.117529 0.000000
0.089793 -0.333783 1.108353 0.000000
0.083714 -0.328082 1.089603 0.000000
0.077029 -0.319213 1.060316 0.000000
0.073401 -0.322707 1.072080 0.000000
0.068939 -0.322748 1.072364 0.000000
0.065452 -0.327676 1.088883 0.000000
0.058673 -0.315628 1.048973 0.000000
0.054702 -0.317963 1.056850 0.000000
0.049027 -0.309935 1.030275 0.000000
0.044238 -0.306508 1.018980 0.000000
0.040822 -0.312865 1.040201 0.000000
0.035919 -0.307994 1.024085 0.000000
0.031743 -0.308877 1.027091 0.000000
0.026800 -0.301410 1.002319 0.000000
0.023490 -0.312941 1.040714 0.000000
0.019331 -0.315832 1.050374 0.000000
0.014779 -0.312100 1.037994 0.000000
0.010465 -0.312396 1.039001 0.000000
0.006194 -0.315281 1.048611 0.000000
0.001830 -0.315860 1.050542 0.000000
-0.002558 -0.317301 1.055328 0.000000
-0.007200 -0.328529 1.092656 0.000000
-0.011782 -0.329389 1.095491 0.000000
-0.016216 -0.326791 1.086816 0.000000
-0.021492 -0.338586 1.125999 0.000000
-0.026783 -0.346348 1.151753 0.000000
-0.030425 -0.333666 1.109515 0.000000
-0.036558 -0.348042 1.157243 0.000000
-0.041857 -0.352052 1.170485 0.000000
-0.047649 -0.358937 1.193274 0.000000
-0.054432 -0.371287 1.234214 0.000000
0.142335 -0.379892 1.241394 0.000000
0.132235 -0.366298 1.197256 0.000000
0.121595 -0.350076 1.144496 0.000000
0.117805 -0.353054 1.154488 0.000000
0.109927 -0.343514 1.123528 0.000000
0.106589 -0.347943 1.138244 0.000000
0.101340 -0.346255 1.132942 0.000000
0.094349 -0.338157 1.106648 0.000000
0.090283 -0.340249 1.113689 0.000000
0.085499 -0.339717 1.112132 0.000000
0.081493 -0.342387 1.121051 0.000000
0.075974 -0.338644 1.108960 0.000000
0.071908 -0.341310 1.117845 0.000000
0.067195 -0.341058 1.117168 0.000000
0.059441 -0.324187 1.062033 0.000000
0.055709 -0.328302 1.075635 0.000000
0.049317 -0.316086 1.035719 0.000000
0.045251 -0.317864 1.041641 0.000000
0.041211 -0.320222 1.049459 0.000000
0.035764 -0.310912 1.019024 0.000000
0.032168 -0.317349 1.040192 0.000000
0.026886 -0.306574 1.004933 0.000000
0.022893 -0.309214 1.013638 0.000000
0.019108 -0.316520 1.037629 0.000000
0.014743 -0.315656 1.034828 0.000000
0.010815 -0.327333 1.073135 0.000000
0.006416 -0.331132 1.085604 0.000000
0.001957 -0.342806 1.123880 0.000000
-0.002720 -0.341931 1.121008 0.000000
-0.007487 -0.346306 1.135335 0.000000
-0.011952 -0.338716 1.110428 0.000000
-0.016808 -0.343377 1.125672 0.000000
-0.021226 -0.338992 1.111251 0.000000
-0.026525 -0.347732 1.139843 0.000000
-0.030594 -0.340132 1.114868 0.000000
-0.036388 -0.351200 1.151065 0.000000
-0.041527 -0.354096 1.160469 0.000000
-0.047662 -0.363989 1.192788 0.000000
-0.053560 -0.370378 1.213611 0.000000
0.142144 -0.384560 1.238924 0.000000
0.129535 -0.363714 1.172045 0.000000
0.123242 -0.359661 1.159248 0.000000
0.117543 -0.357077 1.151174 0.000000
0.111353 -0.352720 1.137368 0.000000
0.103675 -0.343049 1.106408 0.000000
0.098301 -0.340453 1.098246 0.000000
0.093888 -0.341099 1.100533 0.000000
0.092239 -0.352367 1.137086 0.000000
0.084131 -0.338842 1.093623 0.000000
0.081030 -0.345089 1.113961 0.000000
0.076584 -0.346020 1.117134 0.000000
0.072541 -0.349017 1.126965 0.000000
0.065835 -0.338722 1.093866 0.000000
0.061383 -0.339350 1.096027 0.000000
0.055132 -0.329342 1.063823 0.000000
0.050743 -0.329669 1.064988 0.000000
0.045888 -0.326743 1.055637 0.000000
0.041711 -0.328542 1.061539 0.000000
0.036447 -0.321179 1.037827 0.000000
0.031469 -0.314699 1.016956 0.000000
0.027305 -0.315603 1.019938 0.000000
0.023029 -0.315323 1.019083 0.000000
0.019325 -0.324497 1.048776 0.000000
0.015332 -0.332784 1.075591 0.000000
0.010885 -0.333974 1.079464 0.000000
0.006512 -0.340778 1.101470 0.000000
0.001923 -0.341669 1.104353 0.000000
-0.002687 -0.342261 1.106261 0.000000
-0.007472 -0.350239 1.132034 0.000000
-0.011946 -0.343142 1.109068 0.000000
-0.016700 -0.345795 1.117608 0.000000
-0.021124 -0.341943 1.105114 0.000000
-0.026601 -0.353457 1.142268 0.000000
-0.031627 -0.356397 1.151702 0.000000
-0.036097 -0.353128 1.141062 0.000000
-0.041369 -0.357540 1.155229 0.000000
-0.047751 -0.369631 1.194192 0.000000
-0.053068 -0.371967 1.201626 0.000000
0.142388 -0.390406 1.240231 0.000000
0.128620 -0.366008 1.163001 0.000000
0.124483 -0.368172 1.170146 0.000000
0.117086 -0.360479 1.145947 0.000000
0.112219 -0.360248 1.145454 0.000000
0.102991 -0.345374 1.098383 0.000000
0.100031 -0.351111 1.116844 0.000000
0.093671 -0.344892 1.097265 0.000000
0.092958 -0.359892 1.145187 0.000000
0.086791 -0.354265 1.127470 0.000000
0.081813 -0.353119 1.123999 0.000000
0.076865 -0.351970 1.120508 0.000000
0.072744 -0.354706 1.129375 0.000000
0.067345 -0.351158 1.118226 0.000000
0.063001 -0.352992 1.124201 0.000000
0.056829 -0.344053 1.095855 0.000000
0.052030 -0.342590 1.091307 0.000000
0.048804 -0.352195 1.122010 0.000000
0.043785 -0.349530 1.113614 0.000000
0.037999 -0.339379 1.081357 0.000000
0.032867 -0.333116 1.061472 0.000000
0.028054 -0.328645 1.047287 0.000000
0.024180 -0.335546 1.069329 0.000000
0.020509 -0.349030 1.112346 0.000000
0.016003 -0.352035 1.121959 0.000000
0.011484 -0.357133 1.138232 0.000000
0.006586 -0.349356 1.113461 0.000000
0.001981 -0.356844 1.137331 0.000000
-0.002715 -0.350259 1.116338 0.000000
-0.007513 -0.356844 1.137308 0.000000
-0.012321 -0.358635 1.142993 0.000000
-0.016578 -0.347851 1.108589 0.000000
-0.021771 -0.357122 1.138086 0.000000
-0.026476 -0.356510 1.136081 0.000000
-0.031532 -0.360087 1.147411 0.000000
-0.037135 -0.368150 1.173025 0.000000
-0.042167 -0.369326 1.176680 0.000000
-0.048107 -0.377382 1.202244 0.000000
-0.055019 -0.390820 1.244937 0.000000
0.138931 -0.385988 1.209314 0.000000
0.124875 -0.360070 1.128378 0.000000
0.121383 -0.363771 1.140239 0.000000
0.115175 -0.359306 1.126489 0.000000
0.109920 -0.357558 1.121247 0.000000
0.106135 -0.360648 1.131164 0.000000
0.102354 -0.364038 1.142020 0.000000
0.092237 -0.344122 1.079741 0.000000
0.089816 -0.352349 1.105748 0.000000
0.086301 -0.356943 1.120350 0.000000
0.082180 -0.359416 1.128289 0.000000
0.075710 -0.351287 1.102935 0.000000
0.071291 -0.352240 1.106080 0.000000
0.065814 -0.347738 1.092086 0.000000
0.061896 -0.351411 1.103757 0.000000
0.057091 -0.350236 1.100187 0.000000
0.052816 -0.352390 1.107069 0.000000
0.047822 -0.349693 1.098701 0.000000
0.043159 -0.349115 1.096978 0.000000
0.038512 -0.348534 1.095235 0.000000
0.033201 -0.340979 1.071567 0.000000
0.029365 -0.348576 1.095505 0.000000
0.024747 -0.347987 1.093708 0.000000
0.020197 -0.348305 1.094750 0.000000
0.015815 -0.352560 1.108161 0.000000
0.011158 -0.351660 1.105356 0.000000
0.006638 -0.356820 1.121590 0.000000
0.001923 -0.351367 1.104454 0.000000
-0.002736 -0.357431 1.123511 0.000000
-0.007384 -0.355308 1.116820 0.000000
-0.012141 -0.358032 1.125356 0.000000
-0.016770 -0.356509 1.120534 0.000000
-0.021504 -0.357408 1.123316 0.000000
-0.026951 -0.367702 1.155611 0.000000
-0.030886 -0.357380 1.123106 0.000000
-0.036180 -0.363424 1.142022 0.000000
-0.040778 -0.361888 1.137106 0.000000
-0.047280 -0.375805 1.180735 0.000000
-0.054399 -0.391536 1.230042 0.000000
-0.059259 -0.389686 1.224103 0.000000
0.139827 -0.393569 1.216284 0.000000
0.131402 -0.383857 1.186551 0.000000
0.124133 -0.376893 1.165291 0.000000
0.116947 -0.369617 1.143047 0.000000
0.110226 -0.363254 1.123607 0.000000
0.105627 -0.363626 1.124984 0.000000
0.099401 -0.358173 1.108329 0.000000
0.095748 -0.361909 1.120096 0.000000
0.090919 -0.361353 1.118570 0.000000
0.086541 -0.362633 1.122719 0.000000
0.081646 -0.361764 1.120206 0.000000
0.076838 -0.361199 1.118622 0.000000
0.072534 -0.363084 1.124617 0.000000
0.067551 -0.361594 1.120146 0.000000
0.061965 -0.356419 1.104251 0.000000
0.058192 -0.361671 1.120647 0.000000
0.052739 -0.356490 1.104707 0.000000
0.047875 -0.354680 1.099203 0.000000
0.043170 -0.353788 1.096531 0.000000
0.039090 -0.358416 1.110961 0.000000
0.034360 -0.357518 1.108253 0.000000
0.029805 -0.358459 1.111235 0.000000
0.024860 -0.354180 1.098023 0.000000
0.020904 -0.365244 1.132369 0.000000
0.015940 -0.360038 1.116265 0.000000
0.011237 -0.358820 1.112512 0.000000
0.006565 -0.357599 1.108740 0.000000
0.001947 -0.360672 1.118274 0.000000
-0.002717 -0.359445 1.114465 0.000000
-0.007375 -0.359444 1.114445 0.000000
-0.012197 -0.364351 1.129632 0.000000
-0.016889 -0.363729 1.127671 0.000000
-0.021803 -0.367096 1.138060 0.000000
-0.026737 -0.369538 1.145575 0.000000
-0.031157 -0.365225 1.132139 0.000000
-0.036793 -0.374414 1.160543 0.000000
-0.041916 -0.376847 1.167995 0.000000
-0.047444 -0.382039 1.183985 0.000000
-0.053696 -0.391522 1.213261 0.000000
0.142024 -0.404927 1.234550 0.000000
0.133102 -0.393856 1.201084 0.000000
0.123756 -0.380609 1.160950 0.000000
0.116198 -0.372003 1.134950 0.000000
0.111367 -0.371762 1.134456 0.000000
0.105296 -0.367178 1.120692 0.000000
0.099086 -0.361658 1.104057 0.000000
0.092854 -0.355513 1.085497 0.000000
0.090555 -0.364566 1.113336 0.000000
0.085392 -0.362448 1.107052 0.000000
0.081389 -0.365292 1.115915 0.000000
0.077052 -0.366893 1.120971 0.000000
0.071326 -0.361662 1.105142 0.000000
0.067108 -0.363878 1.112058 0.000000
0.060755 -0.353982 1.081945 0.000000
0.056133 -0.353397 1.080279 0.000000
0.051890 -0.355294 1.086190 0.000000
0.047969 -0.359984 1.100632 0.000000
0.043480 -0.360945 1.103663 0.000000
0.038966 -0.361903 1.106677 0.000000
0.034132 -0.359751 1.100172 0.000000
0.029863 -0.363810 1.112651 0.000000
0.024930 -0.359789 1.100406 0.000000
0.020433 -0.361668 1.106198 0.000000
0.015576 -0.356398 1.090113 0.000000
0.010960 -0.354543 1.084463 0.000000
0.006633 -0.366047 1.119665 0.000000
0.001968 -0.369469 1.130137 0.000000
-0.002745 -0.367605 1.124432 0.000000
-0.007473 -0.368847 1.128213 0.000000
-0.012150 -0.367599 1.124372 0.000000
-0.016867 -0.367903 1.125264 0.000000
-0.021791 -0.371621 1.136591 0.000000
-0.026545 -0.371608 1.136494 0.000000
-0.030983 -0.367864 1.124977 0.000000
-0.037014 -0.381515 1.166645 0.000000
-0.041620 -0.379007 1.158888 0.000000
-0.048979 -0.399485 1.221396 0.000000
-0.055095 -0.406910 1.243981 0.000000
0.123075 -0.383352 1.153767 0.000000
0.113901 -0.369307 1.111741 0.000000
0.113805 -0.384754 1.158486 0.000000
0.106386 -0.375721 1.131514 0.000000
0.100893 -0.372960 1.123417 0.000000
0.096360 -0.373649 1.125700 0.000000
0.090961 -0.370881 1.117557 0.000000
0.086216 -0.370622 1.116963 0.000000
0.081546 -0.370675 1.117296 0.000000
0.075766 -0.365383 1.101510 0.000000
0.072812 -0.373913 1.127381 0.000000
0.065808 -0.361387 1.089756 0.000000
0.061409 -0.362370 1.092852 0.000000
0.057183 -0.364607 1.099723 0.000000
0.053262 -0.369357 1.114165 0.000000
0.048187 -0.366246 1.104883 0.000000
0.043901 -0.369104 1.113603 0.000000
0.039308 -0.369760 1.115665 0.000000
0.033874 -0.361608 1.091143 0.000000
0.029385 -0.362572 1.094115 0.000000
0.025279 -0.369508 1.115101 0.000000
0.020420 -0.366064 1.104752 0.000000
0.015688 -0.363560 1.097230 0.000000
0.011316 -0.370804 1.119115 0.000000
0.006520 -0.364520 1.100165 0.000000
0.001952 -0.371443 1.121065 0.000000
-0.002724 -0.369243 1.114418 0.000000
-0.007526 -0.376160 1.135281 0.000000
-0.012083 -0.370180 1.117206 0.000000
-0.017000 -0.375519 1.133284 0.000000
-0.022144 -0.382428 1.154086 0.000000
-0.026996 -0.382729 1.154937 0.000000
-0.030914 -0.371706 1.121607 0.000000
-0.036331 -0.379234 1.144246 0.000000
-0.041903 -0.386444 1.165910 0.000000
-0.050855 -0.420061 1.267225 0.000000
0.130950 -0.413026 1.226728 0.000000
0.113548 -0.388730 1.155064 0.000000
0.109606 -0.391976 1.164945 0.000000
0.101849 -0.381242 1.133261 0.000000
0.095652 -0.375585 1.116651 0.000000
0.091366 -0.377233 1.121747 0.000000
0.086746 -0.377607 1.123046 0.000000
0.082945 -0.381793 1.135674 0.000000
0.076760 -0.374849 1.115185 0.000000
0.072521 -0.377122 1.122103 0.000000
0.066910 -0.372079 1.107240 0.000000
0.062169 -0.371484 1.105603 0.000000
0.057491 -0.371204 1.104894 0.000000
0.052594 -0.369330 1.099432 0.000000
0.047536 -0.365863 1.089213 0.000000
0.043013 -0.366211 1.090340 0.000000
0.038949 -0.371010 1.104713 0.000000
0.033852 -0.365942 1.089697 0.000000
0.029671 -0.370736 1.104038 0.000000
0.025284 -0.374255 1.114572 0.000000
0.020739 -0.376499 1.121297 0.000000
0.015880 -0.372692 1.109995 0.000000
0.011212 -0.372065 1.108153 0.000000
0.006661 -0.377165 1.123356 0.000000
0.001948 -0.375577 1.118632 0.000000
-0.002728 -0.374305 1.114838 0.000000
-0.007460 -0.377486 1.124297 0.000000
-0.012272 -0.380664 1.133737 0.000000
-0.017162 -0.383839 1.143157 0.000000
-0.021823 -0.381601 1.136444 0.000000
-0.027846 -0.399728 1.190369 0.000000
-0.031655 -0.385390 1.147603 0.000000
-0.040706 -0.430240 1.281070 0.000000
-0.048467 -0.405368 1.206815 0.000000
0.127448 -0.406987 1.193067 0.000000
0.112827 -0.391075 1.146917 0.000000
0.107976 -0.409215 1.200589 0.000000
0.094702 -0.376488 1.104776 0.000000
0.087231 -0.364649 1.070223 0.000000
0.082385 -0.363096 1.065840 0.000000
0.082133 -0.382768 1.123763 0.000000
0.076321 -0.377350 1.108021 0.000000
0.071497 -0.376432 1.105480 0.000000
0.067781 -0.381625 1.120876 0.000000
0.062235 -0.376518 1.106011 0.000000
0.057750 -0.377523 1.109085 0.000000
0.053058 -0.377237 1.108360 0.000000
0.048703 -0.379523 1.115182 0.000000
0.043097 -0.371505 1.091715 0.000000
0.039357 -0.379581 1.115531 0.000000
0.034889 -0.381859 1.122302 0.000000
0.030262 -0.382847 1.125270 0.000000
0.025202 -0.377713 1.110237 0.000000
0.020707 -0.380627 1.118847 0.000000
0.015720 -0.373555 1.098094 0.000000
0.011232 -0.377429 1.109507 0.000000
0.006537 -0.374860 1.101968 0.000000
0.001922 -0.375508 1.103878 0.000000
-0.002733 -0.379374 1.115236 0.000000
-0.007463 -0.382270 1.123736 0.000000
-0.012266 -0.385164 1.132217 0.000000
-0.016670 -0.377427 1.109439 0.000000
-0.022084 -0.390942 1.149118 0.000000
-0.032499 -0.400571 1.177294 0.000000
0.126461 -0.408807 1.182983 0.000000
0.112848 -0.395960 1.146301 0.000000
0.098197 -0.395189 1.144731 0.000000
0.092542 -0.412879 1.196381 0.000000
0.080631 -0.380397 1.102433 0.000000
0.082969 -0.415271 1.203679 0.000000
0.079146 -0.421833 1.222869 0.000000
0.066195 -0.377285 1.093871 0.000000
0.062726 -0.384164 1.113949 0.000000
0.059336 -0.392669 1.138739 0.000000
0.056100 -0.403778 1.171075 0.000000
0.048960 -0.386228 1.120280 0.000000
0.044226 -0.385933 1.119520 0.000000
0.040232 -0.392800 1.139529 0.000000
0.035101 -0.388917 1.128338 0.000000
0.029453 -0.377212 1.094444 0.000000
0.025271 -0.383420 1.112510 0.000000
0.021550 -0.401028 1.163647 0.000000
0.016385 -0.394200 1.143870 0.000000
0.011502 -0.391278 1.135416 0.000000
0.007233 -0.419956 1.218649 0.000000
0.002084 -0.412467 1.196922 0.000000
-0.002695 -0.378584 1.098595 0.000000
-0.008441 -0.437553 1.269695 0.000000
-0.013818 -0.439176 1.274377 0.000000
-0.017599 -0.403330 1.170324 0.000000
-0.022435 -0.402016 1.166463 0.000000
-0.038854 -0.420857 1.220915 0.000000
0.128389 -0.420083 1.200138 0.000000
0.120737 -0.428793 1.225551 0.000000
0.118341 -0.459536 1.313937 0.000000
0.098053 -0.399405 1.142216 0.000000
0.106555 -0.456393 1.305420 0.000000
0.100863 -0.455474 1.303007 0.000000
0.083060 -0.396621 1.134820 0.000000
0.089218 -0.451978 1.293400 0.000000
0.066152 -0.381625 1.092368 0.000000
0.064332 -0.398791 1.141643 0.000000
0.046288 -0.369588 1.058369 0.000000
0.046322 -0.409149 1.171757 0.000000
0.037633 -0.422054 1.208890 0.000000
0.029636 -0.384187 1.100490 0.000000
0.016671 -0.405984 1.163066 0.000000
0.011837 -0.407642 1.167843 0.000000
-0.002867 -0.407326 1.166951 0.000000
-0.018741 -0.434662 1.245182 0.000000
-0.022332 -0.404992 1.160139 0.000000
-0.030609 -0.455724 1.305400 0.000000
-0.036375 -0.459329 1.315648 0.000000
-0.037930 -0.415813 1.190926 0.000000
0.131818 -0.436484 1.231290 0.000000
0.128103 -0.441557 1.245873 0.000000
0.127043 -0.456606 1.288604 0.000000
0.113577 -0.426419 1.203657 0.000000
0.096697 -0.398614 1.125594 0.000000
0.101264 -0.438943 1.239692 0.000000
0.088929 -0.429750 1.214120 0.000000
0.085392 -0.437798 1.237039 0.000000
0.063546 -0.398654 1.126874 0.000000
0.049184 -0.397435 1.123777 0.000000
0.045024 -0.402465 1.138095 0.000000
0.030073 -0.394545 1.115924 0.000000
0.018511 -0.456249 1.290603 0.000000
0.011388 -0.396937 1.122850 0.000000
-0.003045 -0.437611 1.237924 0.000000
-0.007812 -0.414612 1.172848 0.000000
-0.019312 -0.453259 1.282101 0.000000
-0.022482 -0.412588 1.167009 0.000000
-0.030194 -0.454897 1.286617 0.000000
-0.036067 -0.460876 1.303450 0.000000
-0.037667 -0.417866 1.181730 0.000000
-0.043990 -0.431170 1.219259 0.000000
-0.051540 -0.452465 1.279368 0.000000
-0.054524 -0.433442 1.225462 0.000000
0.143559 -0.462791 1.288931 0.000000
0.133537 -0.447423 1.246412 0.000000
0.129464 -0.451545 1.258171 0.000000
0.109694 -0.416731 1.161647 0.000000
0.094138 -0.412899 1.151600 0.000000
0.081377 -0.422164 1.177995 0.000000
0.064352 -0.408506 1.140329 0.000000
0.052817 -0.431867 1.205913 0.000000
0.044099 -0.398886 1.113913 0.000000
0.030483 -0.404691 1.130352 0.000000
0.025196 -0.396287 1.106932 0.000000
0.018389 -0.458662 1.281254 0.000000
0.011035 -0.389250 1.087377 0.000000
0.007013 -0.422285 1.179676 0.000000
0.002258 -0.464417 1.297380 0.000000
-0.007357 -0.394990 1.103410 0.000000
-0.013817 -0.454974 1.270948 0.000000
-0.028363 -0.432358 1.207622 0.000000
-0.043386 -0.430270 1.201547 0.000000
-0.054825 -0.440990 1.231261 0.000000
0.145858 -0.442230 1.215879 0.000000
0.105993 -0.407394 1.121606 0.000000
0.089704 -0.398069 1.096538 0.000000
0.076393 -0.400961 1.105024 0.000000
0.067701 -0.434812 1.198784 0.000000
0.063102 -0.437922 1.207493 0.000000
0.056815 -0.470018 1.296247 0.000000
0.043175 -0.395119 1.089778 0.000000
0.040691 -0.472845 1.304341 0.000000
0.024728 -0.393511 1.085616 0.000000
0.023216 -0.453153 1.250205 0.000000
0.006531 -0.397988 1.098083 0.000000
0.002240 -0.466483 1.287070 0.000000
-0.007812 -0.424229 1.170467 0.000000
-0.012337 -0.410935 1.133762 0.000000
-0.026446 -0.407834 1.125069 0.000000
-0.042340 -0.424805 1.171647 0.000000
-0.059596 -0.443102 1.221765 0.000000
0.144981 -0.460888 1.252009 0.000000
0.124090 -0.442956 1.204123 0.000000
0.111049 -0.431775 1.174212 0.000000
0.094317 -0.423390 1.152044 0.000000
0.075109 -0.398796 1.085634 0.000000
0.079793 -0.451154 1.228338 0.000000
0.078211 -0.472891 1.287685 0.000000
0.059479 -0.417568 1.137307 0.000000
0.063259 -0.483021 1.315712 0.000000
0.047868 -0.443159 1.207347 0.000000
0.041955 -0.434582 1.184070 0.000000
0.026465 -0.426046 1.161014 0.000000
0.022484 -0.443974 1.209918 0.000000
0.006905 -0.425752 1.160338 0.000000
0.002227 -0.469504 1.279582 0.000000
-0.012422 -0.418517 1.140576 0.000000
-0.026717 -0.416760 1.135648 0.000000
-0.044995 -0.456644 1.244077 0.000000
-0.050080 -0.455236 1.240135 0.000000
-0.059558 -0.447935 1.220003 0.000000
0.141318 -0.454394 1.219441 0.000000
0.129117 -0.430880 1.156612 0.000000
0.128759 -0.446595 1.199070 0.000000
0.117271 -0.423411 1.137072 0.000000
0.111944 -0.440246 1.182768 0.000000
0.106630 -0.438932 1.179465 0.000000
0.100070 -0.454369 1.221386 0.000000
0.092968 -0.445050 1.196532 0.000000
0.074020 -0.423315 1.138602 0.000000
0.057428 -0.407798 1.097263 0.000000
0.057582 -0.444723 1.196741 0.000000
0.039500 -0.413852 1.113951 0.000000
0.028925 -0.471015 1.268037 0.000000
0.020846 -0.416377 1.120987 0.000000
0.007445 -0.464457 1.250512 0.000000
0.002008 -0.428600 1.153975 0.000000
-0.012773 -0.435209 1.171721 0.000000
-0.018164 -0.446341 1.201655 0.000000
-0.028180 -0.444572 1.196783 0.000000
-0.030673 -0.410437 1.104827 0.000000
-0.042287 -0.434062 1.168251 0.000000
-0.047663 -0.438210 1.179314 0.000000
-0.052840 -0.439917 1.183798 0.000000
0.130691 -0.441073 1.169796 0.000000
0.126068 -0.442216 1.173095 0.000000
0.118054 -0.431070 1.143777 0.000000
0.118588 -0.451515 1.198277 0.000000
0.111424 -0.443169 1.176363 0.000000
0.103349 -0.430250 1.142291 0.000000
0.090000 -0.435724 1.157430 0.000000
0.073421 -0.424650 1.128515 0.000000
0.079864 -0.493961 1.312878 0.000000
0.059688 -0.428660 1.139583 0.000000
0.055335 -0.432218 1.149159 0.000000
0.058091 -0.497322 1.322381 0.000000
0.052665 -0.498769 1.326341 0.000000
0.039173 -0.415085 1.103889 0.000000
0.036888 -0.443607 1.179819 0.000000
0.035861 -0.498514 1.325929 0.000000
0.029865 -0.491854 1.308278 0.000000
0.020708 -0.418339 1.112782 0.000000
0.017740 -0.463391 1.232657 0.000000
0.013390 -0.494719 1.316021 0.000000
0.007673 -0.484172 1.287981 0.000000
0.001950 -0.421192 1.120448 0.000000
-0.008822 -0.495436 1.317926 0.000000
-0.013206 -0.454965 1.210240 0.000000
-0.017530 -0.435603 1.158700 0.000000
-0.027876 -0.444724 1.182853 0.000000
-0.031797 -0.430280 1.144368 0.000000
-0.036772 -0.432017 1.148910 0.000000
-0.041007 -0.425659 1.131916 0.000000
-0.046611 -0.433370 1.152320 0.000000
-0.054185 -0.456200 1.212911 0.000000
0.130598 -0.445701 1.168051 0.000000
0.118740 -0.438431 1.149511 0.000000
0.113160 -0.435675 1.142526 0.000000
0.105081 -0.422624 1.108525 0.000000
0.101169 -0.425892 1.117310 0.000000
0.095736 -0.422767 1.109317 0.000000
0.093736 -0.435260 1.142295 0.000000
0.084424 -0.413310 1.084870 0.000000
0.089797 -0.464862 1.220377 0.000000
0.084457 -0.463859 1.217924 0.000000
0.073612 -0.430527 1.130563 0.000000
0.074467 -0.465749 1.223214 0.000000
0.075018 -0.504174 1.324289 0.000000
0.061847 -0.449148 1.179888 0.000000
0.052371 -0.413654 1.086758 0.000000
0.057639 -0.498987 1.311070 0.000000
0.051848 -0.496539 1.304749 0.000000
0.041002 -0.439346 1.154552 0.000000
0.034405 -0.418401 1.099584 0.000000
0.035127 -0.493791 1.297789 0.000000
0.029928 -0.498437 1.310064 0.000000
0.020675 -0.422374 1.110188 0.000000
0.015895 -0.419899 1.103718 0.000000
0.013150 -0.491377 1.291627 0.000000
0.007526 -0.480363 1.262694 0.000000
0.001935 -0.423123 1.112234 0.000000
-0.002787 -0.427391 1.123447 0.000000
-0.007917 -0.449433 1.181373 0.000000
-0.012923 -0.450139 1.183201 0.000000
-0.016671 -0.418841 1.100899 0.000000
-0.021932 -0.430918 1.132596 0.000000
-0.026404 -0.425925 1.119417 0.000000
-0.032947 -0.450793 1.184704 0.000000
-0.037078 -0.440460 1.157472 0.000000
-0.053690 -0.457078 1.200830 0.000000
0.110869 -0.431586 1.118507 0.000000
0.116292 -0.472894 1.225809 0.000000
0.103876 -0.442138 1.146304 0.000000
0.095186 -0.424996 1.102063 0.000000
0.090460 -0.424704 1.101499 0.000000
0.085885 -0.425126 1.102777 0.000000
0.082603 -0.432363 1.121724 0.000000
0.078968 -0.438521 1.137869 0.000000
0.074105 -0.438218 1.137240 0.000000
0.069418 -0.438988 1.139386 0.000000
0.068888 -0.468114 1.215129 0.000000
0.060189 -0.441954 1.147351 0.000000
0.053232 -0.425121 1.103764 0.000000
0.052387 -0.458553 1.190678 0.000000
0.050845 -0.492347 1.278534 0.000000
0.040540 -0.439230 1.140685 0.000000
0.034905 -0.429201 1.114716 0.000000
0.032952 -0.468377 1.216533 0.000000
0.028753 -0.484205 1.257705 0.000000
0.020815 -0.429983 1.116911 0.000000
0.016407 -0.438260 1.138446 0.000000
0.012131 -0.458389 1.190760 0.000000
0.006856 -0.442590 1.149735 0.000000
0.001909 -0.422477 1.097490 0.000000
-0.002777 -0.430382 1.118019 0.000000
-0.007550 -0.433254 1.125464 0.000000
-0.012008 -0.422831 1.098362 0.000000
-0.016562 -0.420667 1.092706 0.000000
-0.021304 -0.423169 1.099162 0.000000
-0.028347 -0.462309 1.200765 0.000000
-0.036336 -0.436404 1.133339 0.000000
-0.053446 -0.460018 1.194357 0.000000
0.113733 -0.447589 1.146484 0.000000
0.121758 -0.500551 1.282399 0.000000
0.111883 -0.481438 1.233670 0.000000
0.099772 -0.450358 1.154241 0.000000
0.104824 -0.497538 1.275381 0.000000
0.089372 -0.447235 1.146625 0.000000
0.082338 -0.435699 1.117225 0.000000
0.079492 -0.446271 1.144502 0.000000
0.074112 -0.443064 1.136435 0.000000
0.067780 -0.433326 1.111602 0.000000
0.061711 -0.423945 1.087669 0.000000
0.057897 -0.429792 1.102793 0.000000
0.053956 -0.435637 1.117904 0.000000
0.048740 -0.431322 1.106936 0.000000
0.043507 -0.425915 1.093151 0.000000
0.039284 -0.430300 1.104488 0.000000
0.035054 -0.435770 1.118605 0.000000
0.029821 -0.428538 1.100103 0.000000
0.025214 -0.429285 1.102074 0.000000
0.021059 -0.439826 1.129183 0.000000
0.016179 -0.436938 1.121802 0.000000
0.011209 -0.428239 1.099493 0.000000
0.006516 -0.425344 1.092073 0.000000
0.002044 -0.457649 1.175021 0.000000
-0.002882 -0.451118 1.158246 0.000000
-0.007678 -0.445309 1.143316 0.000000
-0.022303 -0.447822 1.149658 0.000000
-0.039241 -0.476429 1.222884 0.000000
-0.042415 -0.454994 1.167775 0.000000
-0.055245 -0.480687 1.233496 0.000000
0.131992 -0.483749 1.224293 0.000000
0.117144 -0.466012 1.179909 0.000000
0.125807 -0.522803 1.323968 0.000000
0.099298 -0.453079 1.147825 0.000000
0.082619 -0.441932 1.120142 0.000000
0.065066 -0.420490 1.066236 0.000000
0.061823 -0.429328 1.088779 0.000000
0.058809 -0.479976 1.217483 0.000000
0.047680 -0.426520 1.081990 0.000000
0.042474 -0.420325 1.066364 0.000000
0.040976 -0.453705 1.151137 0.000000
0.036690 -0.461065 1.169888 0.000000
0.029495 -0.428470 1.087246 0.000000
0.024640 -0.424093 1.076191 0.000000
0.022414 -0.473229 1.200930 0.000000
0.017723 -0.483876 1.227986 0.000000
0.011151 -0.430734 1.093146 0.000000
0.006871 -0.453471 1.150863 0.000000
-0.003134 -0.495635 1.257871 0.000000
-0.007505 -0.439911 1.116433 0.000000
-0.023987 -0.486805 1.235326 0.000000
-0.028839 -0.480556 1.219408 0.000000
-0.041744 -0.452628 1.148307 0.000000
0.139960 -0.480621 1.201923 0.000000
0.128705 -0.476759 1.192819 0.000000
0.118896 -0.478051 1.196565 0.000000
0.099465 -0.458710 1.148814 0.000000
0.084610 -0.457437 1.146194 0.000000
0.072210 -0.471669 1.182345 0.000000
0.062251 -0.436943 1.095430 0.000000
0.049936 -0.451502 1.132277 0.000000
0.043774 -0.437844 1.098119 0.000000
0.040916 -0.519711 1.303627 0.000000
0.030657 -0.450145 1.129197 0.000000
0.024855 -0.432398 1.084730 0.000000
0.018768 -0.517954 1.299451 0.000000
0.011587 -0.452435 1.135100 0.000000
0.006753 -0.450592 1.130491 0.000000
0.002229 -0.510948 1.281923 0.000000
-0.007621 -0.451336 1.132342 0.000000
-0.013108 -0.476507 1.195466 0.000000
-0.026468 -0.445739 1.118138 0.000000
-0.035271 -0.503841 1.263812 0.000000
-0.044519 -0.487869 1.223571 0.000000
0.126815 -0.474746 1.174335 0.000000
0.122938 -0.499553 1.236226 0.000000
0.094986 -0.442702 1.096170 0.000000
0.089877 -0.491075 1.216549 0.000000
0.084018 -0.487033 1.206713 0.000000
0.076739 -0.506579 1.255478 0.000000
0.064311 -0.456196 1.130748 0.000000
0.064771 -0.539996 1.338744 0.000000
0.053415 -0.488094 1.210185 0.000000
0.043851 -0.443282 1.099170 0.000000
0.047092 -0.532650 1.320868 0.000000
0.040855 -0.524461 1.300646 0.000000
0.031716 -0.470658 1.167286 0.000000
0.025452 -0.447503 1.109911 0.000000
0.024215 -0.522295 1.295465 0.000000
0.011975 -0.472599 1.172264 0.000000
0.006802 -0.458773 1.137985 0.000000
0.002247 -0.520846 1.291961 0.000000
-0.007573 -0.453169 1.124066 0.000000
-0.012561 -0.461389 1.144429 0.000000
-0.026055 -0.443405 1.099686 0.000000
-0.033720 -0.486752 1.207120 0.000000
-0.048799 -0.484049 1.200142 0.000000
0.139213 -0.488203 1.193518 0.000000
0.128312 -0.485395 1.187202 0.000000
0.125506 -0.515342 1.260989 0.000000
0.112876 -0.484163 1.184935 0.000000
0.103957 -0.489604 1.198700 0.000000
0.092637 -0.458770 1.123404 0.000000
0.102175 -0.533490 1.306589 0.000000
0.095682 -0.528287 1.294047 0.000000
0.079898 -0.468017 1.146585 0.000000
0.085317 -0.532197 1.303997 0.000000
0.081656 -0.544708 1.334826 0.000000
0.066998 -0.480257 1.177027 0.000000
0.063860 -0.494644 1.212423 0.000000
0.062974 -0.530539 1.300538 0.000000
0.057951 -0.535114 1.311876 0.000000
0.044038 -0.449864 1.102972 0.000000
0.044050 -0.503492 1.234549 0.000000
0.040939 -0.531079 1.302278 0.000000
0.035265 -0.528844 1.296874 0.000000
0.025813 -0.458656 1.124808 0.000000
0.023294 -0.507752 1.245259 0.000000
0.018910 -0.533063 1.307375 0.000000
0.006712 -0.457579 1.122284 0.000000
0.002112 -0.495338 1.214899 0.000000
-0.012442 -0.461730 1.132422 0.000000
-0.028980 -0.498309 1.221985 0.000000
-0.030979 -0.451856 1.108005 0.000000
-0.047635 -0.477441 1.170473 0.000000
-0.062966 -0.480719 1.178143 0.000000
0.137284 -0.486440 1.175980 0.000000
0.132989 -0.508314 1.229431 0.000000
0.133037 -0.529329 1.280538 0.000000
0.108049 -0.468280 1.133314 0.000000
0.117001 -0.530758 1.284769 0.000000
0.093859 -0.469654 1.137265 0.000000
0.102818 -0.542430 1.313706 0.000000
0.077649 -0.459575 1.113378 0.000000
0.080418 -0.506853 1.228085 0.000000
0.082723 -0.557567 1.351137 0.000000
0.071154 -0.515350 1.248984 0.000000
0.060938 -0.476929 1.155997 0.000000
0.063910 -0.544025 1.318763 0.000000
0.059457 -0.554742 1.344865 0.000000
0.047954 -0.494964 1.200047 0.000000
0.041937 -0.484330 1.174354 0.000000
0.041604 -0.545335 1.322361 0.000000
0.036293 -0.549940 1.333603 0.000000
0.027448 -0.492798 1.195092 0.000000
0.021873 -0.481765 1.168383 0.000000
0.018947 -0.539717 1.308970 0.000000
0.013873 -0.559171 1.356180 0.000000
0.007258 -0.500099 1.212927 0.000000
0.002036 -0.482952 1.171342 0.000000
-0.003272 -0.538224 1.305392 0.000000
-0.009139 -0.558043 1.353440 0.000000
-0.013380 -0.501622 1.216574 0.000000
-0.018235 -0.493226 1.196174 0.000000
-0.031220 -0.542362 1.315218 0.000000
-0.032769 -0.482883 1.170914 0.000000
-0.047714 -0.483179 1.171361 0.000000
-0.054514 -0.499908 1.211802 0.000000
-0.058975 -0.494152 1.197725 0.000000
-0.064996 -0.501345 1.215024 0.000000
0.131788 -0.489634 1.170926 0.000000
0.129507 -0.500097 1.196219 0.000000
0.124721 -0.501347 1.199471 0.000000
0.108755 -0.476188 1.139745 0.000000
0.113809 -0.521593 1.248660 0.000000
0.095914 -0.484877 1.161180 0.000000
0.098629 -0.525683 1.259108 0.000000
0.097171 -0.547665 1.311963 0.000000
0.080802 -0.483163 1.157615 0.000000
0.075525 -0.480918 1.152395 0.000000
0.080457 -0.547874 1.313007 0.000000
0.072937 -0.533708 1.279211 0.000000
0.059237 -0.468388 1.122777 0.000000
0.058627 -0.504201 1.208745 0.000000
0.058227 -0.548862 1.315937 0.000000
0.051530 -0.537366 1.288484 0.000000
0.040090 -0.467777 1.121710 0.000000
0.038462 -0.509356 1.221496 0.000000
0.035962 -0.550552 1.320364 0.000000
0.029589 -0.536728 1.287273 0.000000
0.021059 -0.468646 1.124033 0.000000
0.017861 -0.514066 1.233010 0.000000
0.013822 -0.562948 1.350284 0.000000
0.007753 -0.539871 1.294947 0.000000
0.001967 -0.471767 1.131595 0.000000
-0.003043 -0.505246 1.211894 0.000000
-0.008810 -0.543339 1.303246 0.000000
-0.014317 -0.542178 1.300431 0.000000
-0.017308 -0.472905 1.134241 0.000000
-0.023945 -0.511754 1.227369 0.000000
-0.031002 -0.544056 1.304775 0.000000
-0.033754 -0.502479 1.204994 0.000000
-0.038099 -0.492451 1.180864 0.000000
-0.044834 -0.512041 1.227748 0.000000
-0.046327 -0.473924 1.136254 0.000000
-0.053354 -0.494275 1.184935 0.000000
0.132821 -0.498494 1.179081 0.000000
0.125434 -0.489298 1.157593 0.000000
0.119185 -0.483970 1.145238 0.000000
0.122286 -0.517779 1.225499 0.000000
0.107882 -0.477172 1.129615 0.000000
0.108193 -0.500905 1.186024 0.000000
0.114335 -0.555275 1.314999 0.000000
0.099940 -0.510375 1.208878 0.000000
0.095741 -0.515494 1.221204 0.000000
0.098321 -0.559793 1.326354 0.000000
0.086198 -0.520681 1.233866 0.000000
0.075285 -0.484272 1.147744 0.000000
0.081747 -0.562335 1.332928 0.000000
0.075242 -0.556187 1.318516 0.000000
0.060162 -0.480552 1.139339 0.000000
0.056972 -0.494962 1.173623 0.000000
0.057935 -0.551689 1.308252 0.000000
0.052300 -0.550957 1.306626 0.000000
0.039827 -0.469454 1.113422 0.000000
0.036399 -0.486959 1.155016 0.000000
0.035756 -0.553006 1.311748 0.000000
0.030560 -0.560024 1.328459 0.000000
0.021145 -0.475380 1.127716 0.000000
0.016656 -0.484329 1.148981 0.000000
0.013413 -0.551924 1.309367 0.000000
0.007966 -0.560480 1.329680 0.000000
0.002024 -0.490959 1.164754 0.000000
-0.002938 -0.492514 1.168437 0.000000
-0.008793 -0.547667 1.299263 0.000000
-0.014420 -0.551544 1.308431 0.000000
-0.017423 -0.480843 1.140671 0.000000
-0.023048 -0.497531 1.180209 0.000000
-0.030016 -0.532079 1.262098 0.000000
-0.032801 -0.493219 1.169854 0.000000
-0.037061 -0.483874 1.147610 0.000000
-0.042513 -0.490446 1.163110 0.000000
-0.048924 -0.505557 1.198842 0.000000
-0.054311 -0.508237 1.205083 0.000000
0.134057 -0.508203 1.189016 0.000000
0.120521 -0.494329 1.157069 0.000000
0.113684 -0.486208 1.138300 0.000000
0.106746 -0.476907 1.116748 0.000000
0.100744 -0.471121 1.103409 0.000000
0.103713 -0.508770 1.191804 0.000000
0.093866 -0.484191 1.134424 0.000000
0.090843 -0.494051 1.157716 0.000000
0.094226 -0.541889 1.270013 0.000000
0.088504 -0.540004 1.265782 0.000000
0.073718 -0.478977 1.122887 0.000000
0.076608 -0.532304 1.248065 0.000000
0.074552 -0.556650 1.305306 0.000000
0.063464 -0.512046 1.200846 0.000000
0.054470 -0.478008 1.121134 0.000000
0.057644 -0.554460 1.300568 0.000000
0.052331 -0.556856 1.306298 0.000000
0.043086 -0.513003 1.203517 0.000000
0.034774 -0.469924 1.102526 0.000000
0.035225 -0.550301 1.291179 0.000000
0.030026 -0.555816 1.304182 0.000000
0.022266 -0.505665 1.186553 0.000000
0.015854 -0.465698 1.092803 0.000000
0.012947 -0.538232 1.263039 0.000000
0.007748 -0.550787 1.292517 0.000000
0.002017 -0.494733 1.160982 0.000000
-0.002753 -0.465725 1.092903 0.000000
-0.008215 -0.516685 1.212474 0.000000
-0.013254 -0.511975 1.201392 0.000000
-0.016962 -0.472763 1.109344 0.000000
-0.021504 -0.468830 1.100069 0.000000
-0.026996 -0.483317 1.134004 0.000000
-0.032674 -0.496231 1.164235 0.000000
-0.037570 -0.495421 1.162257 0.000000
-0.042583 -0.496176 1.163938 0.000000
-0.056801 -0.536860 1.259149 0.000000
0.133847 -0.512471 1.186111 0.000000
0.123569 -0.511888 1.185289 0.000000
0.119625 -0.516722 1.196733 0.000000
0.115148 -0.519580 1.203592 0.000000
0.102587 -0.484526 1.122604 0.000000
0.097891 -0.485001 1.123911 0.000000
0.092805 -0.483498 1.120622 0.000000
0.085375 -0.468953 1.087089 0.000000
0.084286 -0.489567 1.135051 0.000000
0.080994 -0.499117 1.157364 0.000000
0.073658 -0.483372 1.121006 0.000000
0.072773 -0.510704 1.184546 0.000000
0.071818 -0.541596 1.256350 0.000000
0.063558 -0.517931 1.201586 0.000000
0.052507 -0.465392 1.079807 0.000000
0.054177 -0.526330 1.221312 0.000000
0.050558 -0.543378 1.260976 0.000000
0.042918 -0.516128 1.197829 0.000000
0.035933 -0.490453 1.138317 0.000000
0.032488 -0.512631 1.189861 0.000000
0.029746 -0.556169 1.290979 0.000000
0.022005 -0.504766 1.171709 0.000000
0.016133 -0.478674 1.111175 0.000000
0.011983 -0.503214 1.168168 0.000000
0.007343 -0.527356 1.224226 0.000000
0.001904 -0.471975 1.095666 0.000000
-0.002848 -0.486219 1.128727 0.000000
-0.007576 -0.481073 1.116766 0.000000
-0.012404 -0.483837 1.123155 0.000000
-0.017442 -0.490948 1.139626 0.000000
-0.021956 -0.483418 1.122100 0.000000
-0.027568 -0.498432 1.156895 0.000000
-0.036107 -0.553789 1.285307 0.000000
-0.040988 -0.545850 1.266794 0.000000
-0.042922 -0.505079 1.172084 0.000000
-0.059347 -0.517620 1.200845 0.000000
0.145799 -0.524056 1.199415 0.000000
0.133636 -0.516720 1.183193 0.000000
0.138708 -0.557440 1.276723 0.000000
0.125373 -0.524495 1.201531 0.000000
0.118798 -0.518221 1.187407 0.000000
0.125022 -0.569709 1.305642 0.000000
0.106932 -0.510038 1.169114 0.000000
0.105777 -0.529253 1.213378 0.000000
0.105685 -0.556043 1.275019 0.000000
0.087319 -0.484368 1.110850 0.000000
0.082179 -0.482045 1.105694 0.000000
0.079967 -0.497662 1.141684 0.000000
0.074862 -0.496130 1.138326 0.000000
0.067648 -0.479437 1.100167 0.000000
0.061231 -0.466327 1.070211 0.000000
0.057591 -0.473955 1.087839 0.000000
0.053757 -0.481183 1.104540 0.000000
0.048845 -0.479230 1.100161 0.000000
0.044670 -0.484856 1.113169 0.000000
0.040253 -0.488882 1.122497 0.000000
0.034599 -0.476940 1.095151 0.000000
0.030256 -0.482157 1.107192 0.000000
0.025620 -0.483777 1.110967 0.000000
0.021382 -0.495373 1.137642 0.000000
0.016105 -0.482616 1.108379 0.000000
0.011652 -0.494205 1.135019 0.000000
0.006669 -0.483835 1.111217 0.000000
0.002018 -0.505797 1.161660 0.000000
-0.002915 -0.502205 1.153406 0.000000
-0.007491 -0.480247 1.102958 0.000000
-0.012731 -0.501398 1.151509 0.000000
-0.024509 -0.544885 1.251289 0.000000
-0.027373 -0.499759 1.147604 0.000000
-0.035797 -0.554421 1.273050 0.000000
-0.042264 -0.568362 1.304973 0.000000
-0.043159 -0.512853 1.177431 0.000000
-0.051066 -0.543547 1.247795 0.000000
-0.058952 -0.568248 1.304375 0.000000
-0.059439 -0.523511 1.201560 0.000000
0.136099 -0.531393 1.203922 0.000000
0.135427 -0.549580 1.245410 0.000000
0.129837 -0.548483 1.243195 0.000000
0.118428 -0.521661 1.182645 0.000000
0.124920 -0.574815 1.303412 0.000000
0.112103 -0.539938 1.224560 0.000000
0.105372 -0.532388 1.207657 0.000000
0.094500 -0.529335 1.201137 0.000000
0.083606 -0.495216 1.123891 0.000000
0.089569 -0.562877 1.277634 0.000000
0.067311 -0.481723 1.093719 0.000000
0.062803 -0.482984 1.096714 0.000000
0.064421 -0.535363 1.215786 0.000000
0.056830 -0.513676 1.166655 0.000000
0.048886 -0.484331 1.100110 0.000000
0.043127 -0.472694 1.073767 0.000000
0.041762 -0.512190 1.163573 0.000000
0.036624 -0.509807 1.158236 0.000000
0.029904 -0.481243 1.093405 0.000000
0.024879 -0.474421 1.077956 0.000000
0.022671 -0.530423 1.205250 0.000000
0.017927 -0.542524 1.232784 0.000000
0.011283 -0.483330 1.098301 0.000000
0.006551 -0.480117 1.091013 0.000000
-0.007798 -0.504691 1.146837 0.000000
-0.013027 -0.517977 1.176999 0.000000
-0.027070 -0.499004 1.133748 0.000000
-0.035179 -0.550128 1.249831 0.000000
-0.042411 -0.575873 1.308232 0.000000
-0.045611 -0.547249 1.243109 0.000000
-0.049305 -0.529898 1.203592 0.000000
0.145480 -0.552596 1.238535 0.000000
0.136707 -0.538937 1.208204 0.000000
0.132942 -0.544722 1.221450 0.000000
0.117601 -0.523039 1.173329 0.000000
0.125428 -0.582747 1.307533 0.000000
0.115180 -0.560135 1.257037 0.000000
0.101707 -0.518850 1.164599 0.000000
0.106873 -0.573301 1.287040 0.000000
0.100377 -0.567706 1.274690 0.000000
0.085029 -0.508533 1.142004 0.000000
0.087384 -0.554470 1.245345 0.000000
0.085072 -0.574838 1.291271 0.000000
0.070851 -0.511976 1.150209 0.000000
0.064162 -0.498227 1.119456 0.000000
0.063635 -0.580773 1.305203 0.000000
0.050063 -0.500808 1.125599 0.000000
0.044705 -0.494756 1.112089 0.000000
0.040610 -0.570795 1.283187 0.000000
0.030628 -0.497697 1.118921 0.000000
0.025406 -0.489189 1.099848 0.000000
0.019027 -0.581464 1.307402 0.000000
0.011948 -0.516870 1.162190 0.000000
0.006731 -0.498188 1.120196 0.000000
-0.008130 -0.531107 1.194198 0.000000
-0.012402 -0.497779 1.119235 0.000000
-0.019357 -0.560752 1.260786 0.000000
-0.025335 -0.574145 1.290846 0.000000
-0.028775 -0.535525 1.203956 0.000000
-0.032168 -0.507873 1.141723 0.000000
-0.041401 -0.567569 1.275837 0.000000
-0.047421 -0.574442 1.291187 0.000000
-0.049005 -0.531750 1.195124 0.000000
-0.056383 -0.554051 1.245129 0.000000
-0.066034 -0.545832 1.226394 0.000000
0.143548 -0.550489 1.220969 0.000000
0.141112 -0.561643 1.246002 0.000000
0.131250 -0.542952 1.204807 0.000000
0.134180 -0.577818 1.282455 0.000000
0.119689 -0.537437 1.193077 0.000000
0.119480 -0.560443 1.244399 0.000000
0.097013 -0.499660 1.109851 0.000000
0.102249 -0.553766 1.230243 0.000000
0.087467 -0.528136 1.173679 0.000000
0.085968 -0.550728 1.224064 0.000000
0.076237 -0.556189 1.236530 0.000000
0.063951 -0.501363 1.114774 0.000000
0.065086 -0.551393 1.226151 0.000000
0.063536 -0.585451 1.302018 0.000000
0.053468 -0.540023 1.201100 0.000000
0.044227 -0.494173 1.099215 0.000000
0.045919 -0.574118 1.277138 0.000000
0.041845 -0.593827 1.321067 0.000000
0.032750 -0.537303 1.195389 0.000000
0.025594 -0.497573 1.107051 0.000000
0.023335 -0.556616 1.238466 0.000000
0.019421 -0.599264 1.333398 0.000000
0.012593 -0.550092 1.224012 0.000000
0.006773 -0.506241 1.126454 0.000000
0.002131 -0.551747 1.227716 0.000000
-0.012788 -0.518127 1.152856 0.000000
-0.018937 -0.553777 1.232142 0.000000
-0.032299 -0.514781 1.145204 0.000000
-0.041104 -0.568853 1.265409 0.000000
-0.047586 -0.581933 1.294407 0.000000
-0.049491 -0.542145 1.205802 0.000000
-0.054357 -0.539236 1.199219 0.000000
-0.062738 -0.568691 1.264594 0.000000
-0.067063 -0.559627 1.244298 0.000000
0.143428 -0.555256 1.218823 0.000000
0.138634 -0.557024 1.222991 0.000000
0.129264 -0.539818 1.185482 0.000000
0.123684 -0.560655 1.231767 0.000000
0.114761 -0.543427 1.194155 0.000000
0.100504 -0.522562 1.148731 0.000000
0.095745 -0.523471 1.150928 0.000000
0.091186 -0.555835 1.222476 0.000000
0.078423 -0.507175 1.115619 0.000000
0.066455 -0.525950 1.157363 0.000000
0.062567 -0.535095 1.177618 0.000000
0.046093 -0.519945 1.144594 0.000000
0.043030 -0.543130 1.195723 0.000000
0.040481 -0.579955 1.276880 0.000000
0.026877 -0.527514 1.161543 0.000000
0.021837 -0.525882 1.157996 0.000000
0.007165 -0.540809 1.190940 0.000000
0.001960 -0.512699 1.129042 0.000000
-0.013468 -0.550730 1.212741 0.000000
-0.017594 -0.519296 1.143485 0.000000
-0.034561 -0.556033 1.224197 0.000000
-0.038676 -0.540296 1.189468 0.000000
-0.053820 -0.538947 1.186194 0.000000
-0.065735 -0.553729 1.218467 0.000000
0.138625 -0.541717 1.176918 0.000000
0.129943 -0.547767 1.190611 0.000000
0.113358 -0.541838 1.178459 0.000000
0.102877 -0.539942 1.174772 0.000000
0.096191 -0.530868 1.155228 0.000000
0.077654 -0.506936 1.103664 0.000000
0.079462 -0.552410 1.202832 0.000000
0.069005 -0.551289 1.200687 0.000000
0.060340 -0.520924 1.134679 0.000000
0.061385 -0.576406 1.255658 0.000000
0.048799 -0.555661 1.210681 0.000000
0.041225 -0.525270 1.144549 0.000000
0.028073 -0.556215 1.212185 0.000000
0.020856 -0.507036 1.105050 0.000000
0.001926 -0.509166 1.109769 0.000000
-0.003088 -0.555872 1.211563 0.000000
-0.017385 -0.517905 1.128732 0.000000
-0.023706 -0.552500 1.204079 0.000000
-0.037937 -0.534916 1.165553 0.000000
-0.053571 -0.541477 1.179548 0.000000
-0.059300 -0.547685 1.192946 0.000000
0.155275 -0.570781 1.226842 0.000000
0.140739 -0.555107 1.193744 0.000000
0.131227 -0.537194 1.155493 0.000000
0.126875 -0.539821 1.161406 0.000000
0.128819 -0.570554 1.227792 0.000000
0.106040 -0.511592 1.101358 0.000000
0.091510 -0.509749 1.097988 0.000000
0.098606 -0.579119 1.247614 0.000000
0.079308 -0.522570 1.126129 0.000000
0.074483 -0.522637 1.126427 0.000000
0.058744 -0.511886 1.103651 0.000000
0.057207 -0.542198 1.169123 0.000000
0.040109 -0.515844 1.112576 0.000000
0.036866 -0.538161 1.160786 0.000000
0.020871 -0.512170 1.104885 0.000000
0.016331 -0.518495 1.118564 0.000000
0.001993 -0.532402 1.148608 0.000000
-0.002852 -0.517684 1.116851 0.000000
-0.018156 -0.545840 1.177512 0.000000
-0.021936 -0.515968 1.113025 0.000000
-0.035898 -0.510854 1.101800 0.000000
-0.041826 -0.525959 1.134292 0.000000
-0.047883 -0.539377 1.163129 0.000000
-0.053653 -0.547323 1.180154 0.000000
-0.058441 -0.544756 1.174496 0.000000
-0.097479 -0.566580 1.220363 0.000000
0.140724 -0.560177 1.192486 0.000000
0.129228 -0.554914 1.181827 0.000000
0.122272 -0.546564 1.164294 0.000000
0.118918 -0.554284 1.180986 0.000000
0.106818 -0.520107 1.108386 0.000000
0.109376 -0.557446 1.188184 0.000000
0.095498 -0.536881 1.144755 0.000000
0.095591 -0.566605 1.208332 0.000000
0.082934 -0.551514 1.176503 0.000000
0.073282 -0.518964 1.107218 0.000000
0.059463 -0.522953 1.116127 0.000000
0.054941 -0.525546 1.121777 0.000000
0.039747 -0.515924 1.101514 0.000000
0.036055 -0.531220 1.134246 0.000000
0.021210 -0.525363 1.121902 0.000000
0.016196 -0.519020 1.108392 0.000000
0.002025 -0.546613 1.167361 0.000000
-0.002835 -0.519051 1.108492 0.000000
-0.018535 -0.562283 1.200737 0.000000
-0.021759 -0.516472 1.102863 0.000000
-0.029321 -0.571575 1.220470 0.000000
-0.034713 -0.574094 1.225776 0.000000
-0.036756 -0.527851 1.126964 0.000000
-0.042494 -0.539266 1.151247 0.000000
-0.048740 -0.554067 1.182744 0.000000
-0.059025 -0.555251 1.185037 0.000000
-0.092106 -0.570979 1.217622 0.000000
-0.099204 -0.581912 1.240731 0.000000
0.175918 -0.579744 1.219833 0.000000
0.143254 -0.575472 1.212770 0.000000
0.121125 -0.546397 1.152276 0.000000
0.117544 -0.552901 1.166233 0.000000
0.108027 -0.530813 1.119868 0.000000
0.102891 -0.529199 1.116674 0.000000
0.099683 -0.537825 1.135081 0.000000
0.090974 -0.516138 1.089498 0.000000
0.090153 -0.539273 1.138519 0.000000
0.085279 -0.572310 1.208631 0.000000
0.071782 -0.513009 1.083545 0.000000
0.074453 -0.569034 1.202032 0.000000
0.063647 -0.564885 1.193540 0.000000
0.053077 -0.512377 1.082707 0.000000
0.042647 -0.558665 1.180815 0.000000
0.035074 -0.521512 1.102359 0.000000
0.033074 -0.568566 1.201890 0.000000
0.016154 -0.522463 1.104561 0.000000
0.012043 -0.551550 1.166082 0.000000
-0.002847 -0.525486 1.110989 0.000000
-0.007812 -0.538738 1.138991 0.000000
-0.013442 -0.569944 1.204937 0.000000
-0.017153 -0.525039 1.109966 0.000000
-0.021779 -0.521603 1.102658 0.000000
-0.026581 -0.522867 1.105275 0.000000
-0.032201 -0.537379 1.135885 0.000000
-0.039293 -0.569413 1.203515 0.000000
-0.043429 -0.556128 1.175345 0.000000
-0.049148 -0.563784 1.191425 0.000000
-0.064693 -0.565353 1.194370 0.000000
-0.093190 -0.582967 1.230728 0.000000
-0.098473 -0.582886 1.230354 0.000000
-0.103906 -0.583655 1.231763 0.000000
0.177655 -0.573607 1.194564 0.000000
0.119507 -0.543990 1.135790 0.000000
0.113831 -0.564413 1.178908 0.000000
0.104292 -0.541277 1.130799 0.000000
0.098330 -0.535343 1.118604 0.000000
0.091420 -0.523377 1.093789 0.000000
0.086722 -0.523456 1.094134 0.000000
0.086068 -0.549364 1.148463 0.000000
0.078654 -0.532645 1.113675 0.000000
0.073749 -0.531852 1.112169 0.000000
0.071091 -0.548283 1.146674 0.000000
0.061810 -0.553571 1.158000 0.000000
0.054488 -0.530790 1.110458 0.000000
0.051974 -0.554967 1.161144 0.000000
0.043195 -0.570997 1.194873 0.000000
0.035616 -0.534402 1.118368 0.000000
0.031179 -0.540898 1.132026 0.000000
0.022690 -0.572413 1.198087 0.000000
0.016270 -0.531052 1.111550 0.000000
0.011582 -0.535376 1.120626 0.000000
0.007155 -0.566423 1.185626 0.000000
0.001959 -0.539703 1.129700 0.000000
-0.002874 -0.534962 1.119771 0.000000
-0.007690 -0.534960 1.119750 0.000000
-0.012204 -0.522021 1.092642 0.000000
-0.017489 -0.540115 1.130478 0.000000
-0.022637 -0.546996 1.144834 0.000000
-0.026561 -0.527149 1.103240 0.000000
-0.032508 -0.547383 1.145519 0.000000
-0.047657 -0.551594 1.154068 0.000000
-0.098968 -0.591103 1.235286 0.000000
-0.101617 -0.575951 1.203411 0.000000
0.178560 -0.581711 1.199480 0.000000
0.169677 -0.569323 1.174282 0.000000
0.135668 -0.575907 1.190028 0.000000
0.118834 -0.545794 1.128303 0.000000
0.123040 -0.589258 1.218408 0.000000
0.104116 -0.545227 1.127802 0.000000
0.106218 -0.583495 1.207177 0.000000
0.088140 -0.536808 1.110962 0.000000
0.081408 -0.524299 1.085241 0.000000
0.081886 -0.559531 1.158335 0.000000
0.074100 -0.539198 1.116395 0.000000
0.067679 -0.526672 1.090599 0.000000
0.063818 -0.533679 1.105240 0.000000
0.058582 -0.529392 1.096482 0.000000
0.053908 -0.529877 1.097599 0.000000
0.048903 -0.526884 1.091499 0.000000
0.044679 -0.532574 1.103379 0.000000
0.038790 -0.517408 1.072038 0.000000
0.034808 -0.527000 1.091984 0.000000
0.029809 -0.521816 1.081305 0.000000
0.025490 -0.528794 1.095817 0.000000
0.020568 -0.523602 1.085100 0.000000
0.016279 -0.536222 1.111286 0.000000
0.011365 -0.530152 1.098731 0.000000
0.006613 -0.528424 1.095162 0.000000
0.001958 -0.544943 1.129402 0.000000
-0.002969 -0.557112 1.154617 0.000000
-0.007674 -0.538423 1.115868 0.000000
-0.012236 -0.527987 1.094214 0.000000
-0.027821 -0.557055 1.154314 0.000000
-0.032176 -0.546602 1.132588 0.000000
-0.047692 -0.556931 1.153723 0.000000
-0.053808 -0.569052 1.178722 0.000000
-0.098740 -0.595022 1.231194 0.000000
-0.100620 -0.575408 1.190402 0.000000
0.178533 -0.586806 1.198124 0.000000
0.171457 -0.580423 1.185442 0.000000
0.173992 -0.607183 1.240451 0.000000
0.135546 -0.580519 1.187799 0.000000
0.122122 -0.565897 1.158392 0.000000
0.121120 -0.585237 1.198228 0.000000
0.107746 -0.569269 1.165988 0.000000
0.105649 -0.585545 1.199540 0.000000
0.089840 -0.552044 1.131291 0.000000
0.082883 -0.538561 1.103831 0.000000
0.067172 -0.527389 1.081376 0.000000
0.062878 -0.530513 1.087909 0.000000
0.061889 -0.564276 1.157274 0.000000
0.057876 -0.573962 1.177259 0.000000
0.047971 -0.521472 1.069695 0.000000
0.044492 -0.535089 1.097718 0.000000
0.041325 -0.556148 1.141005 0.000000
0.036638 -0.559688 1.148343 0.000000
0.029161 -0.515047 1.056812 0.000000
0.025361 -0.530841 1.089270 0.000000
0.022014 -0.565465 1.160364 0.000000
0.017647 -0.586510 1.203585 0.000000
0.011111 -0.523010 1.073300 0.000000
0.006676 -0.538352 1.104796 0.000000
0.002077 -0.583914 1.198303 0.000000
-0.007824 -0.553688 1.136250 0.000000
-0.012469 -0.542730 1.113737 0.000000
-0.032457 -0.556237 1.141248 0.000000
-0.047058 -0.554385 1.137189 0.000000
-0.052368 -0.558722 1.145977 0.000000
0.183234 -0.590411 1.193389 0.000000
0.172011 -0.570362 1.153214 0.000000
0.167313 -0.571395 1.155644 0.000000
0.169964 -0.598364 1.210535 0.000000
0.128290 -0.554299 1.123109 0.000000
0.131007 -0.588322 1.192313 0.000000
0.123142 -0.575666 1.166916 0.000000
0.116853 -0.569609 1.154877 0.000000
0.109633 -0.584356 1.185236 0.000000
0.101296 -0.566382 1.148989 0.000000
0.082134 -0.538419 1.092795 0.000000
0.070117 -0.555389 1.127700 0.000000
0.063494 -0.540452 1.097500 0.000000
0.049979 -0.548111 1.113391 0.000000
0.044268 -0.537122 1.091160 0.000000
0.031734 -0.565479 1.148994 0.000000
0.025378 -0.535930 1.089005 0.000000
0.022895 -0.593344 1.205717 0.000000
0.012316 -0.584992 1.188805 0.000000
0.006705 -0.545708 1.108988 0.000000
0.002055 -0.583684 1.186167 0.000000
-0.012621 -0.554094 1.125986 0.000000
-0.018105 -0.573950 1.166299 0.000000
-0.033375 -0.576978 1.172276 0.000000
-0.037814 -0.567678 1.153303 0.000000
-0.052939 -0.569770 1.157256 0.000000
0.172119 -0.575717 1.152790 0.000000
0.170889 -0.588719 1.179172 0.000000
0.133263 -0.580829 1.165487 0.000000
0.117107 -0.575849 1.156241 0.000000
0.099785 -0.562826 1.130734 0.000000
0.086225 -0.570193 1.146095 0.000000
0.084639 -0.593828 1.193776 0.000000
0.073613 -0.588196 1.182766 0.000000
0.064936 -0.557582 1.121339 0.000000
0.053027 -0.586655 1.180163 0.000000
0.044771 -0.548004 1.102502 0.000000
0.043552 -0.596532 1.200222 0.000000
0.025770 -0.549029 1.104834 0.000000
0.022685 -0.593101 1.193568 0.000000
0.007006 -0.575349 1.157918 0.000000
0.002004 -0.574910 1.157039 0.000000
-0.013286 -0.588251 1.183836 0.000000
-0.017758 -0.567770 1.142584 0.000000
-0.037783 -0.572128 1.151103 0.000000
0.176193 -0.594461 1.178896 0.000000
0.169190 -0.587926 1.166279 0.000000
0.125285 -0.572483 1.137966 0.000000
0.116277 -0.576734 1.146900 0.000000
0.097332 -0.553759 1.101838 0.000000
0.098113 -0.586980 1.168139 0.000000
0.088159 -0.588050 1.170638 0.000000
0.080952 -0.572901 1.140646 0.000000
0.065651 -0.568627 1.132570 0.000000
0.060998 -0.570927 1.137276 0.000000
0.053780 -0.600168 1.195754 0.000000
0.045128 -0.557184 1.110206 0.000000
0.040914 -0.565294 1.126450 0.000000
0.038676 -0.606577 1.208792 0.000000
0.027706 -0.595433 1.186708 0.000000
0.020927 -0.551964 1.100117 0.000000
0.001907 -0.552462 1.101184 0.000000
-0.002946 -0.570401 1.136934 0.000000
-0.017619 -0.568137 1.132342 0.000000
-0.022549 -0.569018 1.134051 0.000000
-0.037517 -0.572977 1.141742 0.000000
-0.043082 -0.581461 1.158558 0.000000
-0.055551 -0.608272 1.211762 0.000000
-0.056935 -0.569675 1.134755 0.000000
0.169547 -0.594234 1.167553 0.000000
0.125950 -0.580480 1.142858 0.000000
0.118782 -0.594232 1.170429 0.000000
0.113122 -0.591185 1.164657 0.000000
0.099913 -0.573344 1.129927 0.000000
0.095928 -0.578850 1.140973 0.000000
0.076639 -0.547054 1.078797 0.000000
0.078567 -0.597232 1.177909 0.000000
0.066932 -0.584729 1.153533 0.000000
0.059313 -0.559953 1.104778 0.000000
0.047551 -0.592174 1.168670 0.000000
0.040291 -0.561500 1.108217 0.000000
0.037667 -0.595870 1.176130 0.000000
0.020549 -0.546710 1.079252 0.000000
0.017021 -0.586039 1.156926 0.000000
0.001916 -0.560767 1.107076 0.000000
-0.002929 -0.571614 1.128483 0.000000
-0.017731 -0.576562 1.138173 0.000000
-0.021839 -0.555761 1.097066 0.000000
-0.037221 -0.573307 1.131501 0.000000
-0.041751 -0.568303 1.121540 0.000000
-0.053785 -0.593967 1.171979 0.000000
-0.057422 -0.579465 1.143246 0.000000
0.131064 -0.586125 1.142786 0.000000
0.124171 -0.577165 1.125568 0.000000
0.116779 -0.589202 1.149527 0.000000
0.111464 -0.587493 1.146419 0.000000
0.101625 -0.588149 1.148124 0.000000
0.091654 -0.557786 1.089038 0.000000
0.078588 -0.565759 1.105114 0.000000
0.071788 -0.550366 1.075194 0.000000
0.058253 -0.554648 1.083943 0.000000
0.055713 -0.576999 1.127738 0.000000
0.040349 -0.567126 1.108718 0.000000
0.034948 -0.557605 1.090175 0.000000
0.027067 -0.591808 1.157165 0.000000
0.021495 -0.576809 1.127882 0.000000
0.015731 -0.546326 1.068307 0.000000
0.001978 -0.584601 1.143195 0.000000
-0.002816 -0.553642 1.082649 0.000000
-0.008141 -0.600535 1.174331 0.000000
-0.022194 -0.569540 1.113613 0.000000
-0.028550 -0.601842 1.176714 0.000000
-0.037336 -0.579934 1.133737 0.000000
-0.042279 -0.580354 1.134472 0.000000
-0.048006 -0.590328 1.153871 0.000000
-0.052839 -0.588463 1.150117 0.000000
-0.059563 -0.606162 1.184586 0.000000
-0.063284 -0.592910 1.158560 0.000000
0.130331 -0.587781 1.135232 0.000000
0.130007 -0.609406 1.177262 0.000000
0.122006 -0.595342 1.150340 0.000000
0.117837 -0.599576 1.158759 0.000000
0.110841 -0.589157 1.138849 0.000000
0.106323 -0.591550 1.143691 0.000000
0.097089 -0.595866 1.152440 0.000000
0.093938 -0.607867 1.175841 0.000000
0.079017 -0.573672 1.110027 0.000000
0.074031 -0.572371 1.107660 0.000000
0.060535 -0.581275 1.125291 0.000000
0.054342 -0.567578 1.098884 0.000000
0.041829 -0.592938 1.148270 0.000000
0.035369 -0.569130 1.102235 0.000000
0.016264 -0.569693 1.103517 0.000000
0.012182 -0.604570 1.171098 0.000000
-0.002906 -0.575690 1.115167 0.000000
-0.007957 -0.591742 1.146245 0.000000
-0.018383 -0.607777 1.177240 0.000000
-0.022371 -0.578862 1.121188 0.000000
-0.028311 -0.601774 1.165509 0.000000
-0.033619 -0.606334 1.174271 0.000000
-0.037158 -0.581995 1.127059 0.000000
-0.042408 -0.587005 1.136674 0.000000
-0.047484 -0.588799 1.140051 0.000000
-0.053406 -0.599759 1.161163 0.000000
-0.058215 -0.597417 1.156509 0.000000
-0.063907 -0.603780 1.168698 0.000000
0.136792 -0.599391 1.146568 0.000000
0.132334 -0.601825 1.151491 0.000000
0.126372 -0.597341 1.143167 0.000000
0.119547 -0.588240 1.125992 0.000000
0.115118 -0.590658 1.130854 0.000000
0.107723 -0.577393 1.105675 0.000000
0.105152 -0.589948 1.129931 0.000000
0.096179 -0.566058 1.084369 0.000000
0.093715 -0.579991 1.111250 0.000000
0.087907 -0.573619 1.099219 0.000000
0.086753 -0.598625 1.147315 0.000000
0.078436 -0.574242 1.100741 0.000000
0.071886 -0.560465 1.074480 0.000000
0.071933 -0.599780 1.149996 0.000000
0.059761 -0.578667 1.109767 0.000000
0.053718 -0.565790 1.085182 0.000000
0.052211 -0.602794 1.156261 0.000000
0.040689 -0.581636 1.115852 0.000000
0.034764 -0.564118 1.082314 0.000000
0.030978 -0.581246 1.115239 0.000000
0.016377 -0.578547 1.110189 0.000000
0.011503 -0.575790 1.104921 0.000000
-0.002945 -0.587823 1.128024 0.000000
-0.007534 -0.564714 1.083663 0.000000
-0.012648 -0.583654 1.119981 0.000000
-0.016927 -0.564233 1.082680 0.000000
-0.021662 -0.565141 1.084378 0.000000
-0.026649 -0.571127 1.095810 0.000000
-0.031608 -0.574799 1.102789 0.000000
-0.037067 -0.585395 1.123044 0.000000
-0.042107 -0.587670 1.127322 0.000000
-0.046223 -0.577929 1.108541 0.000000
-0.052257 -0.591743 1.134932 0.000000
-0.056825 -0.587998 1.127634 0.000000
-0.063657 -0.606419 1.162830 0.000000
-0.065667 -0.579574 1.111219 0.000000
-0.073801 -0.606755 1.163184 0.000000
-0.075666 -0.582215 1.115985 0.000000
